timestamp,latitude,longitude,speedMps,Calc_deg_servo_1,Calc_deg_servo_2,roll,pitch,yaw,zigzag_yaw,rpm_prop_1,rpm_prop_2,battery_1,battery_2,mode_auto
2351.795,-7.282286,112.797301,3.27,-37.20,5.38,40.04,129.32,252.00,2.64,6150,1411,11.01,12.42,1
2351.800,-7.282300,112.796650,1.40,26.40,-22.16,149.27,13.30,254.25,-11.48,27410,7375,10.01,10.38,2
2351.805,-7.281966,112.796499,2.54,-32.72,-1.77,39.81,-101.05,256.50,-9.02,20995,6087,12.40,12.36,2
2351.810,-7.281772,112.796349,3.20,-17.33,-23.59,56.23,159.64,258.75,21.26,28766,916,11.13,10.65,0
2351.815,-7.282073,112.797085,1.43,7.90,-6.09,-6.42,9.88,261.00,-23.11,9539,8670,10.21,11.97,0
2351.820,-7.281751,112.796488,1.56,15.33,17.86,158.50,-110.13,263.25,-2.10,9467,22886,11.65,10.78,2
2351.825,-7.281172,112.796442,0.92,9.61,-26.48,-179.77,54.09,265.50,3.14,26819,15774,12.25,11.37,4
2351.830,-7.281184,112.796957,1.68,16.72,-24.27,18.69,-105.56,267.75,-19.11,26076,16573,10.21,11.08,2
2351.835,-7.281858,112.797060,0.07,-11.44,-35.11,148.49,-173.14,270.00,-16.48,8437,18752,11.93,12.07,3
2351.840,-7.281632,112.796866,0.50,35.94,3.43,111.44,-42.41,272.25,-16.69,14085,20097,10.63,11.49,1
2351.845,-7.281476,112.796229,0.03,-11.22,19.28,-101.24,133.61,274.50,-5.49,3136,2894,12.27,11.00,2
2351.850,-7.281068,112.796677,1.36,-20.23,-9.95,39.67,110.18,276.75,-13.02,7106,15365,10.16,12.48,1
2351.855,-7.281172,112.796559,2.83,18.47,7.53,169.11,-84.82,279.00,28.88,1338,21645,12.23,12.23,4
2351.860,-7.280755,112.797134,1.37,-15.55,-6.44,109.83,21.55,281.25,11.25,11396,5672,11.32,11.33,3
2351.865,-7.280740,112.796285,0.50,15.75,-9.10,174.24,64.68,283.50,15.43,8659,6405,11.61,11.59,4
2351.870,-7.280687,112.796596,1.18,-20.25,-1.23,34.06,-46.84,285.75,26.14,10868,27516,10.19,12.21,3
2351.875,-7.280579,112.796874,3.05,-37.32,-13.27,19.51,96.69,288.00,6.36,17586,19599,11.23,12.08,3
2351.880,-7.280983,112.797066,1.71,35.10,33.73,122.02,-96.64,290.25,2.01,16401,16660,12.14,10.31,2
2351.885,-7.280952,112.796654,0.38,-7.24,16.58,148.04,115.20,292.50,-4.05,27457,1764,12.24,10.72,2
2351.890,-7.280938,112.797071,0.91,-29.92,23.94,42.71,-30.88,294.75,-8.29,11249,7894,11.04,10.71,2
2351.895,-7.280605,112.797281,2.53,-3.46,25.98,-166.47,33.34,297.00,-32.73,12587,18422,11.49,12.17,2
2351.900,-7.280741,112.797191,0.45,12.83,23.34,127.32,-172.39,299.25,-3.10,14835,3409,10.28,10.86,4
2351.905,-7.280386,112.797015,2.79,3.74,-19.29,-161.75,-38.55,301.50,13.42,19166,26314,12.29,11.03,4
2351.910,-7.280272,112.797310,1.12,-14.92,-17.84,169.15,49.73,303.75,-25.83,16244,27096,11.35,12.09,4
2351.915,-7.280111,112.797044,2.60,17.54,-26.20,130.28,39.63,306.00,-0.04,28251,17792,11.30,10.32,1
2351.920,-7.279527,112.796574,1.06,-6.34,-16.11,8.61,147.11,308.25,-24.96,28443,6578,12.00,11.64,0
2351.925,-7.279620,112.797178,0.64,-30.56,-1.55,82.54,59.95,310.50,9.74,9638,9901,11.27,10.71,0
2351.930,-7.280160,112.796952,1.20,14.77,-6.83,-147.31,1.31,312.75,32.80,25509,2891,11.06,10.45,0
2351.935,-7.279775,112.796945,1.59,25.47,-2.40,81.23,-119.34,315.00,10.38,10810,19795,10.52,11.89,3
2351.940,-7.279626,112.796778,2.66,28.81,-33.78,-73.19,95.43,317.25,14.83,24092,19650,12.06,12.08,1
2351.945,-7.279644,112.797179,1.17,-3.35,-15.96,-138.50,164.45,319.50,-19.14,18635,21408,10.38,11.99,3
2351.950,-7.279744,112.797713,0.22,19.90,-1.26,54.08,-76.15,321.75,-5.57,27962,15858,10.41,12.48,2
2351.955,-7.279024,112.797050,1.04,-35.90,18.28,74.15,66.35,324.00,31.10,15288,15785,11.58,10.93,4
2351.960,-7.278963,112.797603,2.99,-15.49,-7.38,-23.27,-101.37,326.25,19.63,17394,18180,12.53,11.98,1
2351.965,-7.279168,112.797618,3.14,-17.60,7.33,-165.59,-153.56,-326.86,0.95,27994,25717,12.25,12.20,2
2351.970,-7.279633,112.797466,1.06,-29.47,-2.75,-145.10,-69.01,-324.61,18.48,21736,3617,11.72,11.04,0
2351.975,-7.279613,112.797541,1.10,13.39,0.37,-164.93,-63.52,-322.36,29.99,12958,14974,12.26,12.35,0
2351.980,-7.279702,112.797385,2.62,19.44,-0.11,-101.57,151.97,-320.11,-16.47,9317,27737,10.66,12.59,4
2351.985,-7.279261,112.797858,1.55,7.72,-22.53,15.74,143.27,-317.86,24.50,11715,15507,12.30,10.72,2
2351.990,-7.279064,112.798122,0.77,8.18,-0.90,136.16,50.74,-315.61,-26.00,3224,2685,12.42,11.13,0
2351.995,-7.279478,112.798217,1.13,-19.34,-9.33,127.55,-165.60,-313.36,34.21,2229,543,11.62,11.35,2
2352.000,-7.279483,112.798034,3.23,21.83,18.07,170.62,-49.13,-311.11,4.37,23549,25335,11.81,11.93,0
2352.005,-7.279104,112.797962,1.77,-10.75,17.19,-162.96,122.75,-308.86,-20.97,27009,11592,11.85,12.08,1
2352.010,-7.279152,112.797969,0.20,32.82,-2.52,-173.05,97.65,-306.61,-34.71,2568,21432,10.54,10.55,3
2352.015,-7.278701,112.798255,2.15,-27.40,-36.36,-20.98,-144.24,-304.36,23.52,7229,208,11.86,11.51,1
2352.020,-7.278815,112.798467,1.60,-4.55,30.88,-113.19,69.37,-302.11,8.51,2738,6096,11.93,10.78,1
2352.025,-7.279325,112.798844,0.47,-8.51,5.28,-126.22,166.47,-299.86,-4.43,28551,6615,11.28,12.07,2
2352.030,-7.279056,112.798968,2.15,-38.51,12.35,-152.87,-126.32,-297.61,11.63,7539,2474,12.02,12.50,0
2352.035,-7.280925,112.799060,0.04,29.21,23.67,-166.19,-173.01,0.00,29.50,21538,25855,11.20,10.96,0
2352.040,-7.280286,112.799376,2.59,-7.10,-11.45,44.81,5.88,2.25,7.98,24242,18218,10.05,12.06,2
2352.045,-7.280504,112.799245,2.82,-25.51,27.97,58.69,-29.45,4.50,-15.46,4856,16910,12.43,10.30,1
2352.050,-7.280740,112.798704,0.01,37.28,-12.76,172.90,-136.82,6.75,19.61,23171,5838,11.69,10.38,2
2352.055,-7.280544,112.798823,1.14,-5.08,28.90,5.83,164.61,9.00,-34.27,16971,14710,11.03,11.95,3
2352.060,-7.280623,112.798915,0.28,-29.18,29.06,177.52,-70.33,11.25,-34.31,381,14753,11.52,12.27,1
2352.065,-7.280266,112.798846,1.42,-22.13,5.53,116.56,130.64,13.50,15.31,29749,29472,11.06,10.55,3
2352.070,-7.280245,112.799677,0.25,-13.37,20.79,-113.64,-106.16,15.75,-8.81,11331,2018,11.20,12.53,1
2352.075,-7.280691,112.799008,0.20,20.26,-21.16,4.49,103.31,18.00,5.45,10235,22603,11.41,12.56,0
2352.080,-7.280592,112.799136,0.44,27.56,-18.03,-41.55,90.47,20.25,-26.85,20053,1153,11.79,11.98,0
2352.085,-7.280018,112.799738,2.46,-7.44,-11.74,79.15,157.38,22.50,1.44,23392,19305,10.26,12.20,0
2352.090,-7.280088,112.799211,3.09,-0.40,-26.92,-129.12,144.17,24.75,25.77,25677,24510,11.79,11.10,1
2352.095,-7.280622,112.799476,2.58,-37.76,-18.33,33.82,-152.40,27.00,29.92,23391,8637,10.35,10.44,0
2352.100,-7.280878,112.799303,2.72,-6.39,-25.64,-91.86,-39.77,29.25,-17.16,27166,25300,10.97,11.12,3
2352.105,-7.280665,112.799949,0.93,-12.43,-37.56,-36.88,94.52,31.50,-11.12,8605,1592,11.91,10.26,4
2352.110,-7.280146,112.799709,1.16,24.58,-39.47,29.07,-41.31,33.75,-18.66,14528,25486,10.91,11.45,2
2352.115,-7.280551,112.799622,2.19,-18.37,-2.99,33.88,-46.00,36.00,18.42,18258,2288,10.34,10.27,0
2352.120,-7.280462,112.799564,1.54,8.36,34.65,-112.51,-179.56,38.25,-31.40,4496,15516,10.78,10.96,0
2352.125,-7.280646,112.799451,0.07,37.60,-10.77,-151.72,116.76,40.50,-3.67,15476,10061,10.77,11.20,0
2352.130,-7.280514,112.800185,0.43,-35.07,-17.91,15.63,69.86,42.75,-19.14,6502,8849,11.97,10.40,0
2352.135,-7.281032,112.799840,1.03,22.92,7.33,161.70,-74.37,45.00,-13.22,15421,16729,12.54,10.20,0
2352.140,-7.280693,112.799888,3.03,7.95,-35.53,33.51,89.81,47.25,12.95,17142,712,12.31,11.99,2
2352.145,-7.281097,112.799827,3.34,-33.96,34.90,-169.82,139.43,49.50,8.54,8468,29889,11.30,12.00,3
2352.150,-7.280354,112.799807,1.62,35.88,11.94,86.40,124.98,51.75,-18.31,27484,10184,12.39,11.12,3
2352.155,-7.281196,112.800178,2.95,-10.68,9.02,-55.98,-147.03,54.00,8.91,26375,29178,11.73,12.56,3
2352.160,-7.280375,112.800127,0.64,15.85,16.80,-91.69,76.26,56.25,-32.72,20261,10420,12.15,10.96,4
2352.165,-7.280974,112.800042,0.09,29.04,-28.98,6.38,102.14,58.50,24.27,28271,12069,11.78,11.57,2
2352.170,-7.281227,112.799999,2.03,-22.85,14.74,-174.49,116.12,60.75,-21.34,13137,14872,11.69,11.94,2
2352.175,-7.280880,112.799882,1.84,-29.75,-11.98,-1.48,-68.03,63.00,3.18,27541,8500,11.31,10.97,1
2352.180,-7.281134,112.800236,1.89,-18.69,-22.09,2.76,53.85,65.25,-18.30,11488,24189,10.91,12.10,1
2352.185,-7.280510,112.799871,2.95,12.98,-16.95,33.38,51.31,67.50,-14.79,22348,7852,11.63,10.56,4
2352.190,-7.281155,112.800489,2.01,11.43,21.39,132.45,20.82,69.75,16.40,1400,24808,10.86,10.52,1
2352.195,-7.281388,112.800525,2.07,-23.27,4.23,-10.73,-35.94,72.00,8.86,10866,23497,10.87,12.36,4
2352.200,-7.280803,112.800023,1.73,14.91,-16.80,15.74,139.09,74.25,-33.49,20590,5861,10.90,11.84,3
2352.205,-7.281368,112.800270,1.38,-9.20,37.13,128.01,29.36,76.50,21.34,11308,1949,11.73,12.46,3
2352.210,-7.281542,112.800118,1.03,-11.00,-23.71,-36.03,-143.11,78.75,-2.25,14309,29665,11.76,10.40,0
2352.215,-7.280788,112.800432,1.94,-20.21,0.88,81.12,67.63,81.00,-4.51,17445,8846,11.01,10.52,0
2352.220,-7.281053,112.800513,1.72,17.79,-32.68,69.94,-64.74,83.25,32.13,20756,26832,10.44,11.47,1
2352.225,-7.281229,112.799977,1.16,-26.67,-36.70,134.34,-136.64,85.50,-8.65,20073,8224,10.65,10.36,1
2352.230,-7.281521,112.800789,1.77,-7.75,28.56,160.51,-69.69,87.75,-25.43,25129,18837,11.31,11.14,1
2352.235,-7.281650,112.799870,1.38,32.49,-29.21,-150.24,-136.04,90.00,-21.96,22800,1150,10.67,10.10,0
2352.240,-7.281238,112.800128,1.88,-26.67,9.12,157.31,-159.03,92.25,-7.23,4243,10295,11.05,10.92,0
2352.245,-7.281486,112.800419,2.01,-29.57,0.23,4.61,176.53,94.50,22.87,22723,5731,12.48,11.21,3
2352.250,-7.281267,112.800515,2.25,-22.77,28.32,133.21,-76.34,96.75,27.94,1554,3691,11.77,11.54,0
2352.255,-7.281229,112.799948,3.18,-24.72,-5.18,-13.12,-126.72,99.00,10.37,28436,3375,11.73,10.50,1
2352.260,-7.281835,112.800750,3.26,14.55,16.73,76.72,65.01,101.25,-10.38,22342,25196,12.28,12.08,2
2352.265,-7.282099,112.800158,0.05,25.64,-37.72,-131.33,86.30,103.50,33.11,15426,6438,11.51,11.14,2
2352.270,-7.281543,112.800464,2.16,35.88,21.22,-62.39,170.74,105.75,14.10,27237,10081,10.97,11.11,2
2352.275,-7.281790,112.800421,3.35,-19.53,37.50,-155.14,-4.24,108.00,-28.57,23395,16687,11.14,11.90,4
2352.280,-7.282036,112.800650,2.65,7.42,29.85,103.97,103.61,110.25,-2.76,3063,17343,12.53,11.33,2
2352.285,-7.282573,112.799964,1.40,-7.32,-25.46,-148.47,174.47,112.50,18.12,9053,27930,10.11,12.09,3
2352.290,-7.282610,112.800266,0.13,-5.64,-37.64,68.71,11.70,114.75,-28.54,17129,26199,10.91,10.94,4
2352.295,-7.282693,112.800706,1.98,15.63,21.30,-98.19,6.51,117.00,19.88,804,12553,10.99,10.36,1
2352.300,-7.281894,112.800422,2.76,-6.40,-3.15,103.68,148.13,119.25,22.68,9889,5022,11.72,11.71,3
2352.305,-7.281935,112.800053,1.32,37.31,-32.18,-24.15,-78.63,121.50,32.78,14900,20139,10.05,11.40,0
2352.310,-7.282169,112.800290,3.04,-38.81,24.49,10.81,-54.58,123.75,-27.99,9601,20768,11.62,11.87,4
2352.315,-7.282717,112.800059,1.63,-36.22,0.84,61.67,40.53,126.00,-33.30,18517,14084,10.94,11.29,0
2352.320,-7.282674,112.800610,2.08,15.10,-39.85,-87.84,179.56,128.25,2.70,5948,28756,11.94,10.11,2
2352.325,-7.282098,112.799692,1.03,9.02,-37.47,40.23,-55.93,130.50,28.35,8998,23766,12.58,12.28,2
2352.330,-7.282092,112.800433,0.63,23.67,-25.51,-11.45,-71.38,132.75,8.68,22419,17872,11.08,12.37,0
2352.335,-7.282584,112.800124,2.72,-32.17,33.85,121.01,8.30,135.00,-13.57,18394,12425,11.05,11.93,0
2352.340,-7.282742,112.799544,1.74,-34.41,-28.59,-91.18,-54.01,137.25,-28.75,2569,8139,11.06,12.34,2
2352.345,-7.282928,112.799904,2.77,39.01,1.64,-19.28,-110.70,139.50,-32.08,13431,9391,10.74,10.93,4
2352.350,-7.282434,112.799686,2.00,15.25,14.36,132.68,-163.65,141.75,-29.47,4051,21935,11.47,10.57,1
2352.355,-7.282517,112.799814,2.34,-31.85,27.78,-109.32,25.63,144.00,26.58,3507,26629,11.49,10.32,2
2352.360,-7.282558,112.799876,1.14,-29.97,6.67,-29.92,-118.11,146.25,-7.93,18515,9442,12.02,12.43,1
2352.365,-7.283190,112.799556,2.15,30.98,11.27,2.15,136.85,148.50,24.53,18407,20042,12.38,12.15,3
2352.370,-7.283195,112.800049,0.52,-17.30,39.90,-52.77,-76.07,150.75,-16.87,8806,3249,10.76,11.43,4
2352.375,-7.282639,112.799718,3.26,-30.99,38.19,46.19,-174.75,153.00,4.21,7234,8904,12.03,12.52,1
2352.380,-7.283307,112.799212,2.75,32.69,37.24,-7.01,20.89,155.25,25.07,23389,5202,10.84,11.94,0
2352.385,-7.282975,112.799191,3.25,-20.44,29.48,-1.30,177.23,157.50,-20.07,7149,7329,11.60,11.21,1
2352.390,-7.282671,112.799767,2.25,14.10,-22.68,93.96,21.14,159.75,-24.39,26833,16928,11.88,11.12,1
2352.395,-7.282789,112.799085,1.82,5.13,6.85,-114.89,76.88,162.00,31.58,841,21354,10.16,12.29,2
2352.400,-7.283396,112.799733,2.86,-13.49,-11.88,-87.98,72.98,164.25,9.94,17852,25798,10.21,12.53,1
2352.405,-7.283106,112.799181,1.92,29.90,-28.31,-0.10,29.78,166.50,5.56,15494,29303,11.32,11.42,3
2352.410,-7.283359,112.799384,0.69,-14.13,1.37,68.92,-64.04,168.75,-24.97,27329,28918,11.18,10.92,0
2352.415,-7.283142,112.798805,0.78,26.68,-14.47,-2.93,-144.99,171.00,-34.27,10137,24530,12.31,10.09,2
2352.420,-7.282880,112.799265,1.56,-14.57,16.41,-59.82,-102.00,173.25,-26.50,20819,24107,10.35,12.25,1
2352.425,-7.283378,112.798850,1.17,34.94,-21.99,14.02,30.88,175.50,20.02,20385,8592,10.99,11.28,3
2352.430,-7.283340,112.798565,0.93,21.66,21.81,85.55,-50.25,177.75,14.03,13135,11999,10.01,10.39,4
2352.435,-7.283232,112.798806,0.51,-30.12,-4.65,107.99,0.88,180.00,-0.33,9837,26305,11.23,10.97,0
2352.440,-7.283172,112.798459,2.81,3.17,-27.41,-109.01,158.07,182.25,-33.57,10348,6545,10.76,12.03,2
2352.445,-7.283494,112.798891,2.73,35.05,38.21,4.01,-174.44,184.50,-10.17,3995,20418,11.59,12.25,3
2352.450,-7.283761,112.798647,2.92,-15.52,-1.97,17.29,48.37,186.75,5.32,29581,17718,12.13,10.65,2
2352.455,-7.283516,112.798134,0.01,9.19,2.11,80.33,64.03,189.00,-22.67,6250,10554,12.59,10.70,3
2352.460,-7.283103,112.798602,2.10,-30.93,30.55,157.20,28.09,191.25,8.58,9019,23434,11.99,12.18,3
2352.465,-7.283569,112.798870,2.46,5.43,26.82,-77.93,72.70,193.50,29.33,13431,1636,10.98,10.49,2
2352.470,-7.283000,112.798553,0.88,26.50,-19.31,-151.46,52.21,195.75,-26.30,8093,17105,11.89,12.15,1
2352.475,-7.283161,112.797824,0.04,24.26,-36.80,64.77,4.00,198.00,33.94,25927,16440,11.64,11.40,0
2352.480,-7.283665,112.798123,0.27,-5.99,35.90,-14.32,-144.74,200.25,32.76,27158,23365,11.23,11.29,0
2352.485,-7.283184,112.797806,2.05,-34.35,-38.00,117.22,-30.89,202.50,-30.20,26902,14538,10.86,12.11,0
2352.490,-7.283594,112.798472,1.42,-6.65,-4.36,-0.17,-26.15,204.75,12.81,7949,16735,11.76,11.20,4
2352.495,-7.282911,112.798500,3.19,19.34,15.04,-170.67,49.92,207.00,20.06,14765,3810,11.16,11.31,3
2352.500,-7.282702,112.798396,1.58,-3.28,-19.66,153.00,-116.50,209.25,4.31,20745,26895,10.42,12.14,2
2352.505,-7.283296,112.798281,0.47,20.71,-36.38,21.12,-156.05,211.50,-8.52,16790,541,12.13,10.69,2
2352.510,-7.283620,112.797861,3.46,-2.32,-24.04,-140.74,166.63,213.75,11.93,6015,17425,12.55,11.73,1
2352.515,-7.283259,112.797247,0.85,17.21,32.85,124.56,44.14,216.00,23.16,20634,9406,11.97,11.47,2
2352.520,-7.282624,112.797247,0.70,3.40,17.44,6.20,-44.77,218.25,-18.17,18073,20116,11.40,11.22,4
2352.525,-7.282769,112.797653,3.42,6.88,-24.92,167.22,-99.61,220.50,19.38,4054,21662,11.81,11.98,4
2352.530,-7.282803,112.797915,2.05,17.01,-21.98,11.09,-145.15,222.75,-11.43,478,17198,11.50,12.04,3
2352.535,-7.282878,112.797695,3.47,23.69,-18.55,-6.46,11.35,225.00,27.57,11514,9808,12.54,11.80,4
2352.540,-7.283015,112.797530,1.67,-20.33,31.75,-127.23,161.47,227.25,-33.79,23965,28757,10.53,10.64,0
2352.545,-7.282458,112.797203,2.99,9.22,-25.64,89.97,-5.84,229.50,-12.10,10094,17071,10.18,12.03,0
2352.550,-7.282604,112.797495,0.30,-26.68,-36.29,88.91,37.43,231.75,24.14,798,9755,11.02,11.98,3
2352.555,-7.282784,112.797567,1.69,-31.62,-24.86,-78.61,-160.98,234.00,20.72,16242,26950,10.26,11.87,0
2352.560,-7.282875,112.796915,2.43,-6.06,32.18,-34.20,-86.51,236.25,-4.34,28711,26957,10.43,11.48,3
2352.565,-7.282816,112.796925,3.43,14.26,21.12,14.52,47.98,238.50,-2.18,12853,28421,11.50,11.03,4
2352.570,-7.282512,112.796585,0.68,-9.39,-0.79,66.01,-52.81,240.75,-6.59,1635,20832,12.38,12.19,0
2352.575,-7.282537,112.796660,0.01,-34.85,-32.44,91.53,-48.28,243.00,24.78,3337,780,10.16,10.62,1
2352.580,-7.282843,112.796634,0.39,-7.80,-3.98,39.67,65.23,245.25,1.88,18140,8615,10.19,12.17,3
2352.585,-7.281897,112.797205,0.34,-35.45,6.43,125.24,36.99,247.50,17.51,28470,6412,11.76,11.28,1
2352.590,-7.282626,112.796475,3.06,-31.77,-39.58,82.90,90.22,249.75,9.61,2202,14758,11.59,11.33,0
2352.595,-7.282567,112.796849,0.98,-38.93,-13.38,-23.22,-60.57,252.00,-34.48,19958,10032,11.88,11.81,4
2352.600,-7.281783,112.797121,2.48,-37.15,36.10,90.85,-103.67,254.25,-5.12,9972,14202,12.01,11.79,3
2352.605,-7.282413,112.796861,2.15,-25.15,-23.42,-118.90,-173.48,256.50,16.99,11122,22789,11.66,11.07,3
2352.610,-7.282288,112.796677,1.13,-18.84,20.40,5.42,-85.59,258.75,-24.42,27864,23886,11.44,11.99,0
2352.615,-7.281799,112.796331,3.05,-16.65,36.60,-30.22,-38.27,261.00,29.98,2661,11960,12.53,11.13,3
2352.620,-7.281529,112.796761,1.89,-15.89,-2.20,-5.81,75.70,263.25,-7.16,14283,4778,11.86,12.04,4
2352.625,-7.281507,112.796698,0.41,9.88,34.39,109.39,47.50,265.50,33.97,8291,14991,11.98,11.38,2
2352.630,-7.281328,112.797018,0.06,-15.30,-9.29,-156.90,155.03,267.75,-26.67,12232,21560,10.65,11.34,4
2352.635,-7.281477,112.796593,2.57,2.56,12.68,-47.48,-120.96,270.00,20.30,15305,28394,10.24,11.57,2
2352.640,-7.281681,112.796837,2.05,4.46,-2.73,171.67,-13.34,272.25,4.77,29934,7524,11.28,11.44,0
2352.645,-7.281694,112.796331,3.07,-36.91,-29.06,64.40,97.68,274.50,-7.63,8261,5442,11.61,10.44,3
2352.650,-7.281528,112.796935,0.86,-16.77,-37.22,-100.18,34.04,276.75,32.20,26197,18660,12.58,10.92,1
2352.655,-7.280778,112.796359,2.79,-0.48,-3.44,-173.52,10.27,279.00,-13.20,23164,18362,10.15,12.05,4
2352.660,-7.280710,112.796338,2.96,-8.44,24.30,17.01,-166.79,281.25,-27.12,18025,17882,11.08,10.04,3
2352.665,-7.280964,112.796296,0.80,-35.01,23.08,162.07,-61.50,283.50,21.46,29312,8683,12.25,11.85,0
2352.670,-7.281159,112.796545,2.10,-36.19,37.36,-153.29,-63.10,285.75,16.15,5612,18782,10.22,10.04,3
2352.675,-7.280989,112.796363,2.65,-2.15,-24.68,-33.85,129.68,288.00,6.87,13970,28111,11.60,11.18,3
2352.680,-7.280451,112.796279,3.10,35.74,29.39,84.40,-111.86,290.25,22.46,12617,15396,10.48,10.35,1
2352.685,-7.280331,112.797236,2.32,20.84,38.09,-109.52,2.88,292.50,19.79,14803,5225,10.05,11.56,2
2352.690,-7.280134,112.796904,0.75,12.54,-29.44,82.72,47.35,294.75,-30.11,21164,23297,10.74,11.94,1
2352.695,-7.280469,112.796614,2.53,-6.43,-3.23,7.09,147.11,297.00,-31.41,775,74,11.26,12.10,0
2352.700,-7.280808,112.796454,3.39,3.37,-15.03,-45.22,52.49,299.25,1.30,23130,13038,11.89,10.51,3
2352.705,-7.280318,112.797100,1.02,23.29,-5.04,-138.75,86.67,301.50,21.77,16671,27799,10.73,10.50,3
2352.710,-7.280537,112.796835,3.19,1.81,-23.27,89.03,62.07,303.75,-32.45,180,14221,10.41,10.25,1
2352.715,-7.280094,112.796703,0.56,30.15,-31.08,-110.78,-84.37,306.00,23.28,10998,427,12.04,11.47,3
2352.720,-7.280093,112.797496,1.42,-10.30,-35.64,-71.47,-23.10,308.25,-5.16,12,27087,11.50,12.43,1
2352.725,-7.279837,112.796630,3.44,27.71,-25.40,-152.20,-52.42,310.50,-9.95,3893,4083,12.22,10.15,1
2352.730,-7.280250,112.797401,1.56,20.05,27.34,-102.55,0.84,312.75,-16.36,1099,29001,11.94,10.87,1
2352.735,-7.280148,112.797389,2.28,12.43,12.19,5.36,160.09,315.00,3.73,6684,14884,10.77,10.60,3
2352.740,-7.279981,112.797663,3.50,-39.83,20.41,-113.55,-9.31,317.25,1.20,18865,8967,10.67,11.31,4
2352.745,-7.280119,112.797125,0.52,26.25,16.70,24.72,102.23,319.50,34.65,11363,18198,12.23,10.02,4
2352.750,-7.279879,112.797218,3.32,-24.93,19.91,162.74,-0.55,321.75,-26.98,17938,6905,12.12,11.39,4
2352.755,-7.279311,112.797088,0.35,7.79,22.37,118.58,160.42,324.00,14.69,6950,18783,12.01,12.32,3
2352.760,-7.279693,112.797600,0.46,-14.54,-5.51,-97.06,-59.38,326.25,-2.29,1331,18429,11.03,11.44,0
2352.765,-7.279412,112.797172,1.63,-21.06,-27.10,62.74,-145.19,-326.86,27.00,3855,18379,10.36,11.81,0
2352.770,-7.279093,112.797448,3.25,35.75,-9.66,-122.92,-114.30,-324.61,-0.90,27299,13015,10.88,11.70,3
2352.775,-7.278853,112.798095,2.86,32.76,-32.80,-117.70,-107.95,-322.36,-31.55,2097,15259,11.04,10.33,3
2352.780,-7.279046,112.797850,3.18,-13.00,-6.99,-78.47,108.39,-320.11,-6.74,20229,22325,11.10,10.45,2
2352.785,-7.279638,112.798279,0.59,2.33,-13.03,-69.80,-110.98,-317.86,-9.60,26798,8870,12.16,10.90,4
2352.790,-7.279521,112.797708,1.20,22.19,17.04,77.08,-138.49,-315.61,29.46,24821,26048,10.66,10.88,4
2352.795,-7.279211,112.798564,2.58,-4.49,24.07,-8.45,-21.39,-313.36,26.86,27606,18049,12.29,10.98,1
2352.800,-7.279206,112.798101,3.00,12.74,-39.02,-129.32,-168.01,-311.11,2.81,4703,29699,12.23,10.78,4
2352.805,-7.278864,112.798474,1.03,-20.42,-2.44,40.77,-154.24,-308.86,-20.31,26315,16030,12.19,11.51,4
2352.810,-7.279299,112.798506,0.00,3.01,-34.81,35.65,174.79,-306.61,-5.07,14597,606,10.19,12.17,4
2352.815,-7.278622,112.798667,0.34,-35.04,0.87,32.06,50.17,-304.36,32.43,1791,10394,10.53,10.43,2
2352.820,-7.278805,112.798866,1.28,-18.54,27.76,68.46,40.34,-302.11,10.82,23387,18106,10.43,12.42,0
2352.825,-7.278495,112.798407,1.19,8.58,-15.12,-119.84,61.45,-299.86,-27.14,1313,23102,10.69,10.42,1
2352.830,-7.278525,112.799186,2.59,36.25,39.10,-54.10,-94.71,-297.61,2.09,108,12547,10.76,11.92,1
2352.835,-7.280516,112.799317,3.28,37.35,-6.17,-110.48,159.77,0.00,17.50,7883,25379,11.42,10.60,3
2352.840,-7.280077,112.798715,2.27,36.36,-13.36,-136.45,-168.30,2.25,-27.47,14461,25578,10.79,10.45,1
2352.845,-7.280519,112.799420,3.00,-13.74,-19.94,-61.19,-88.84,4.50,-20.29,18274,3947,12.29,11.98,0
2352.850,-7.280897,112.798591,1.57,32.41,-27.35,156.37,-17.52,6.75,28.27,25401,8346,11.58,11.42,1
2352.855,-7.280614,112.799368,0.39,37.19,-13.76,-127.86,13.47,9.00,29.10,7703,6575,11.07,11.21,4
2352.860,-7.279983,112.798687,0.63,-34.15,38.46,-171.92,2.76,11.25,-32.86,7341,27609,12.59,10.98,4
2352.865,-7.280235,112.799153,2.39,27.49,-14.80,-69.19,157.08,13.50,-5.95,15829,4284,12.26,12.51,0
2352.870,-7.280660,112.799075,3.21,7.22,31.58,-56.84,142.82,15.75,-22.61,18420,18858,10.91,12.51,4
2352.875,-7.280397,112.799379,2.44,26.98,20.86,-71.28,169.60,18.00,23.90,9701,21074,11.45,10.03,0
2352.880,-7.280271,112.798837,3.11,-3.79,5.89,-49.99,138.41,20.25,6.94,17524,4077,11.32,11.24,3
2352.885,-7.280446,112.799660,0.22,36.08,16.10,55.83,-115.44,22.50,-6.14,28567,23230,11.89,11.96,3
2352.890,-7.280706,112.799488,3.16,-33.83,4.23,-83.35,-78.75,24.75,-25.31,7701,20914,10.88,12.17,0
2352.895,-7.280456,112.799086,0.81,14.82,38.53,-115.56,-13.21,27.00,15.78,14102,15462,12.22,11.93,4
2352.900,-7.280276,112.799465,0.38,23.04,-36.82,-30.49,10.36,29.25,-2.25,4245,2729,10.76,10.91,2
2352.905,-7.280251,112.799271,2.44,-37.12,20.68,-165.86,-13.86,31.50,-33.97,6371,11556,12.02,12.24,1
2352.910,-7.280784,112.799711,1.64,-13.38,-14.24,75.26,-102.25,33.75,-17.39,20360,6628,11.11,12.44,4
2352.915,-7.280446,112.799323,1.46,27.65,20.41,43.96,-95.37,36.00,30.91,3523,4161,12.46,10.66,0
2352.920,-7.280538,112.799598,2.64,-39.09,-31.25,177.36,146.16,38.25,-25.47,29048,29481,10.05,10.27,4
2352.925,-7.280521,112.799884,0.92,8.30,-14.42,-47.80,71.95,40.50,34.19,9955,26149,11.95,11.60,2
2352.930,-7.281099,112.799562,0.56,-0.57,-23.14,-138.42,-9.92,42.75,-4.49,971,3524,10.33,11.34,0
2352.935,-7.280540,112.799327,3.37,-17.32,0.42,-54.28,3.69,45.00,2.09,15393,23399,11.43,12.46,4
2352.940,-7.280502,112.800106,1.54,-30.75,-13.66,-85.35,134.14,47.25,33.25,22526,204,10.13,11.22,4
2352.945,-7.280562,112.799413,1.36,-18.52,18.42,-123.84,40.08,49.50,-28.63,21279,4741,10.93,12.39,0
2352.950,-7.280484,112.800122,0.96,27.43,-17.72,-14.21,-69.67,51.75,-33.83,27425,13259,11.15,10.23,0
2352.955,-7.280474,112.799899,2.35,20.56,-10.59,-134.95,-61.34,54.00,-34.07,8580,13579,11.84,11.80,2
2352.960,-7.280689,112.800351,0.49,-22.71,-15.49,108.00,110.58,56.25,33.38,21114,19756,12.09,11.39,1
2352.965,-7.280389,112.800356,0.60,12.57,25.52,-23.08,127.50,58.50,-28.44,5786,26262,11.09,12.21,4
2352.970,-7.281009,112.800244,0.35,-25.20,-9.57,-30.66,-66.22,60.75,-28.04,7933,16156,12.57,12.41,3
2352.975,-7.281316,112.800479,0.16,-30.99,15.47,48.01,178.84,63.00,32.92,24927,21271,10.62,12.47,0
2352.980,-7.280682,112.800280,0.74,-14.91,-30.49,50.76,-127.77,65.25,-23.89,6978,7724,11.30,10.36,0
2352.985,-7.281094,112.800469,0.53,21.94,-9.92,24.07,170.61,67.50,1.25,18790,22168,11.26,11.49,4
2352.990,-7.280852,112.800378,0.31,22.72,5.81,-109.37,-114.04,69.75,-8.20,3439,1957,10.75,12.52,1
2352.995,-7.281528,112.800466,0.71,-30.74,-23.38,112.13,-125.03,72.00,8.94,11711,24438,10.36,12.57,1
2353.000,-7.281566,112.800067,0.88,9.72,34.96,157.50,-126.34,74.25,29.19,16200,8231,10.13,10.79,1
2353.005,-7.280699,112.800030,2.71,-15.80,-3.13,-55.11,169.28,76.50,16.29,27291,3487,10.49,10.12,2
2353.010,-7.281667,112.799840,0.00,-29.00,1.04,94.28,162.91,78.75,19.86,9755,29127,11.10,11.53,0
2353.015,-7.281475,112.800705,1.66,30.39,10.52,-41.60,-126.05,81.00,-29.36,1724,985,10.71,12.46,4
2353.020,-7.281139,112.799928,2.74,24.46,-35.60,-133.27,-24.06,83.25,-29.27,12647,14808,11.35,11.26,1
2353.025,-7.281488,112.800325,0.01,7.69,34.60,-107.26,64.40,85.50,5.83,20861,4457,11.71,11.19,4
2353.030,-7.281032,112.800743,2.59,17.55,-1.38,-116.76,-16.55,87.75,9.37,21165,21169,10.07,11.56,0
2353.035,-7.281503,112.800613,1.12,-27.39,30.37,-53.99,-139.80,90.00,21.48,15507,4311,11.09,11.75,0
2353.040,-7.281383,112.800106,3.11,19.28,8.41,91.54,-15.45,92.25,-28.37,13778,5810,10.00,10.54,2
2353.045,-7.281308,112.800143,3.12,-35.14,-0.65,-118.99,-8.38,94.50,9.32,4788,8742,10.30,10.09,3
2353.050,-7.281411,112.800028,1.85,12.13,4.87,23.45,25.53,96.75,6.74,25162,3154,11.59,11.09,2
2353.055,-7.281681,112.800542,1.25,-34.69,-8.07,59.74,26.22,99.00,-0.11,12643,24146,12.52,10.48,0
2353.060,-7.281634,112.800233,0.07,-12.40,36.73,-124.34,-109.69,101.25,8.34,23293,16352,11.42,11.18,2
2353.065,-7.282087,112.800662,0.27,-14.37,-25.91,-139.76,127.65,103.50,-14.48,12323,7461,12.45,11.90,2
2353.070,-7.282100,112.800457,1.59,-26.94,-20.39,-47.12,-148.75,105.75,-24.86,14562,26142,11.16,10.89,3
2353.075,-7.281977,112.799896,2.31,-17.77,33.58,113.09,57.80,108.00,-27.18,131,26720,12.42,12.44,1
2353.080,-7.282338,112.799819,3.13,-29.57,4.99,-177.71,62.66,110.25,-0.24,7837,4076,11.85,12.23,1
2353.085,-7.281858,112.799975,3.41,28.97,-4.73,14.68,82.20,112.50,15.52,4874,6250,12.22,11.30,3
2353.090,-7.281998,112.800025,2.46,-2.21,21.74,-96.93,-13.98,114.75,-18.33,8292,29929,12.07,10.50,4
2353.095,-7.281716,112.800700,0.49,-37.36,6.08,-5.03,-124.88,117.00,-4.94,11842,18867,10.49,10.57,2
2353.100,-7.281778,112.800328,1.93,-3.70,-8.55,69.22,-1.90,119.25,-18.57,14278,7011,12.31,12.38,3
2353.105,-7.282021,112.799781,1.11,-14.28,15.59,136.12,170.73,121.50,-2.07,3793,113,10.94,10.35,2
2353.110,-7.282300,112.800259,3.46,12.56,-13.03,-84.07,113.08,123.75,8.78,11191,151,11.01,11.89,2
2353.115,-7.282096,112.799695,2.46,38.05,1.84,151.06,-119.86,126.00,26.49,20839,28047,10.13,11.62,1
2353.120,-7.282214,112.800564,0.70,-38.37,10.60,-109.78,-165.56,128.25,-11.85,19889,10619,12.23,10.22,1
2353.125,-7.282966,112.800486,3.42,-5.77,24.91,-149.06,-32.90,130.50,-34.75,18315,20195,10.45,10.29,0
2353.130,-7.282960,112.799608,1.53,5.72,-34.37,107.05,6.34,132.75,21.97,16264,475,10.31,12.53,0
2353.135,-7.282920,112.799910,1.14,36.70,35.38,64.24,79.21,135.00,-13.49,6795,29820,11.85,11.09,4
2353.140,-7.282864,112.800409,2.27,26.72,-23.62,16.33,-44.51,137.25,-17.74,6443,28722,12.13,12.34,4
2353.145,-7.282664,112.800321,0.66,-5.11,25.57,8.13,-76.39,139.50,22.30,25096,16502,10.46,11.93,4
2353.150,-7.282724,112.800017,2.73,11.40,-13.49,97.25,37.23,141.75,-24.45,23864,11218,11.93,12.51,0
2353.155,-7.282586,112.800292,2.68,-7.52,35.59,-40.87,104.37,144.00,17.38,10288,22348,11.05,10.46,0
2353.160,-7.282830,112.800101,0.20,-39.92,-33.28,33.26,139.80,146.25,19.85,6312,27455,11.07,11.47,0
2353.165,-7.282484,112.799415,3.21,-27.15,26.78,165.01,98.99,148.50,28.58,13253,18375,12.55,12.08,2
2353.170,-7.282923,112.799945,1.42,27.02,-3.07,-94.66,22.95,150.75,-3.43,14375,1239,12.59,11.49,1
2353.175,-7.283084,112.799314,2.59,26.33,4.38,117.08,49.20,153.00,-5.19,15627,24961,11.89,11.03,3
2353.180,-7.282617,112.799217,1.12,-25.57,-28.31,178.69,115.73,155.25,3.52,15577,28438,11.96,10.70,2
2353.185,-7.283065,112.799165,2.36,18.69,-1.73,-16.34,145.61,157.50,3.92,80,3089,10.97,11.39,0
2353.190,-7.283240,112.799235,1.45,-37.34,-29.75,2.78,-142.59,159.75,13.65,13350,5906,12.39,11.15,3
2353.195,-7.282670,112.799509,1.74,-37.38,-22.46,14.96,-132.00,162.00,14.49,11971,7648,10.37,12.01,1
2353.200,-7.282815,112.799851,3.40,-1.25,-34.33,54.20,41.43,164.25,26.35,7669,24862,11.73,10.18,1
2353.205,-7.283211,112.799291,0.76,-24.49,9.86,-0.95,130.62,166.50,31.15,7715,15615,11.89,10.44,1
2353.210,-7.283238,112.798935,1.44,24.61,-38.43,-142.87,146.04,168.75,30.10,13130,20476,10.28,10.81,0
2353.215,-7.283695,112.799542,2.33,-15.35,-8.88,107.44,61.90,171.00,-25.12,14552,29642,12.02,12.51,0
2353.220,-7.283685,112.799220,2.26,0.84,10.84,-9.56,-13.48,173.25,-5.80,16430,11389,12.27,10.64,3
2353.225,-7.283773,112.799116,0.44,-13.02,-8.65,134.74,109.21,175.50,-7.21,2779,24604,11.23,12.44,4
2353.230,-7.283775,112.799369,1.41,-29.96,-13.90,49.83,58.38,177.75,32.05,21365,11320,10.84,11.96,0
2353.235,-7.283387,112.798576,2.64,-32.95,-5.61,-171.41,63.16,180.00,-15.71,27918,23996,11.29,10.21,3
2353.240,-7.283700,112.798619,0.28,32.73,15.61,-62.20,153.27,182.25,22.43,18045,11270,11.67,10.44,4
2353.245,-7.283656,112.799025,1.37,-9.21,13.66,15.32,-113.31,184.50,-25.67,13108,27151,10.18,12.52,4
2353.250,-7.283218,112.798554,2.27,-26.06,-16.99,-120.93,18.99,186.75,-2.90,19348,12963,10.89,11.38,3
2353.255,-7.283700,112.798308,1.46,1.74,1.80,-18.97,134.91,189.00,-20.78,17636,14478,10.59,10.72,1
2353.260,-7.283691,112.798975,2.33,24.80,10.04,15.00,-90.44,191.25,-2.44,29878,6567,12.41,10.84,2
2353.265,-7.283419,112.798690,0.47,4.17,-23.78,-106.00,153.20,193.50,6.73,21341,17034,10.74,11.59,4
2353.270,-7.283177,112.798625,2.43,39.36,36.94,8.14,73.46,195.75,-12.35,1178,3883,10.82,10.26,0
2353.275,-7.283539,112.798113,1.78,7.51,-29.18,57.53,149.00,198.00,-2.00,5188,27355,11.76,11.01,0
2353.280,-7.283358,112.798675,1.04,-24.75,19.97,66.22,165.78,200.25,1.93,6589,25137,12.12,12.21,2
2353.285,-7.283084,112.798241,0.99,2.91,36.63,-151.97,-132.96,202.50,-23.98,4188,2616,12.26,10.69,3
2353.290,-7.282958,112.798551,0.31,4.28,-24.03,-129.16,87.65,204.75,29.47,25357,28425,11.91,12.25,0
2353.295,-7.282982,112.798453,2.21,-6.40,4.33,-31.58,-140.96,207.00,-21.06,15715,14487,10.90,11.27,4
2353.300,-7.282894,112.798449,1.85,-26.62,-31.59,-62.91,173.84,209.25,-15.37,10321,4511,11.86,12.49,4
2353.305,-7.283269,112.797782,0.50,-32.54,-5.98,34.48,-0.26,211.50,-17.12,11741,9812,12.33,10.16,2
2353.310,-7.282885,112.797676,0.77,31.36,-10.47,-25.18,55.75,213.75,-10.07,433,7058,11.16,11.28,3
2353.315,-7.283390,112.797738,3.18,29.65,16.34,-11.27,-171.73,216.00,-8.16,19157,20344,10.11,11.91,0
2353.320,-7.282858,112.797722,1.23,-32.78,-16.12,-59.11,105.30,218.25,-32.23,24363,7455,11.42,11.93,1
2353.325,-7.283301,112.798076,1.87,26.89,29.49,-41.81,-32.83,220.50,-7.61,13957,16096,11.09,10.38,4
2353.330,-7.282494,112.797400,2.65,38.67,38.51,35.40,-39.13,222.75,-14.81,15195,8373,12.32,11.24,2
2353.335,-7.282527,112.797192,2.28,-6.94,38.76,149.93,-123.97,225.00,-15.24,19086,27838,10.24,11.48,0
2353.340,-7.282912,112.797569,0.98,39.73,-4.05,-162.41,175.93,227.25,3.83,14104,24589,11.60,11.58,4
2353.345,-7.282672,112.797547,2.93,4.90,-15.81,85.08,97.17,229.50,-17.87,7839,21404,11.80,10.33,1
2353.350,-7.282916,112.797028,0.54,34.40,-16.21,84.86,-161.63,231.75,-24.23,13741,10386,12.05,11.57,0
2353.355,-7.282865,112.796792,3.17,17.99,36.27,119.86,11.17,234.00,10.39,4880,20252,12.14,10.87,1
2353.360,-7.282336,112.797581,2.02,-18.78,29.01,151.85,151.60,236.25,29.12,24156,7414,10.26,11.03,2
2353.365,-7.282582,112.796997,2.12,-8.69,-34.82,104.29,-87.89,238.50,-28.31,3631,29263,11.12,12.43,1
2353.370,-7.282068,112.796782,2.28,32.23,17.63,-152.21,175.55,240.75,-1.75,17510,23954,11.92,10.28,1
2353.375,-7.282031,112.797082,3.36,36.49,-15.35,94.67,108.56,243.00,-3.98,7824,3554,12.18,12.53,4
2353.380,-7.282175,112.796682,1.27,12.92,-16.43,-71.69,116.19,245.25,15.89,25423,17931,11.62,11.60,4
2353.385,-7.282194,112.797286,3.40,13.10,36.92,106.91,-9.48,247.50,-1.47,21868,10200,11.26,12.23,4
2353.390,-7.282081,112.797127,1.37,-30.90,31.28,172.93,105.16,249.75,30.96,3734,7865,10.09,11.03,0
2353.395,-7.281983,112.797365,0.46,-2.95,-39.08,-67.21,-114.66,252.00,-3.47,26300,9810,12.50,12.01,3
2353.400,-7.282080,112.796656,3.17,-32.47,26.24,46.23,55.14,254.25,-29.11,12905,4683,11.07,10.51,1
2353.405,-7.281714,112.796785,2.94,33.44,21.46,11.69,-156.66,256.50,-8.37,9756,3888,11.21,11.67,2
2353.410,-7.282157,112.796581,2.16,11.88,-4.29,152.30,40.66,258.75,4.83,726,2049,10.58,11.39,0
2353.415,-7.281758,112.796517,0.49,15.09,20.25,-48.64,-146.98,261.00,20.03,9910,4050,11.75,11.96,2
2353.420,-7.281797,112.796561,3.26,1.94,-14.67,132.79,129.45,263.25,12.61,13902,14882,11.62,11.43,0
2353.425,-7.281352,112.796320,0.85,-29.23,-26.10,-12.63,-93.41,265.50,-28.53,29715,29211,12.16,10.28,0
2353.430,-7.281521,112.796202,3.02,26.24,28.00,74.86,-23.65,267.75,27.91,5183,27187,12.18,10.75,0
2353.435,-7.281766,112.797125,2.00,11.75,-35.60,-172.29,45.00,270.00,-24.62,29328,5238,11.98,10.86,0
2353.440,-7.281145,112.797111,0.13,-17.94,3.79,12.13,-11.84,272.25,-18.94,22786,22434,11.59,10.54,0
2353.445,-7.280990,112.796649,2.51,9.86,-21.90,89.05,30.03,274.50,33.75,8470,13308,11.61,12.40,1
2353.450,-7.281473,112.796586,0.56,26.41,32.87,-177.72,-152.56,276.75,-29.58,8282,27341,11.68,12.50,3
2353.455,-7.281069,112.796808,0.38,-36.11,-4.63,-108.02,99.89,279.00,12.40,25199,3662,11.51,12.46,3
2353.460,-7.280689,112.796596,1.95,4.58,19.31,-68.91,179.98,281.25,-8.53,15734,28027,11.47,11.06,4
2353.465,-7.280825,112.797035,0.00,24.19,-25.81,-176.14,106.21,283.50,-23.76,17250,19786,12.48,10.25,1
2353.470,-7.280388,112.796392,0.86,36.39,-0.81,-98.21,-89.51,285.75,31.50,13922,14751,11.89,12.22,0
2353.475,-7.281058,112.796286,1.77,-5.24,-8.08,-6.07,171.31,288.00,-8.61,12291,10716,10.32,10.81,3
2353.480,-7.281126,112.796706,0.26,1.98,-23.49,-13.28,-100.44,290.25,-29.47,29127,10065,10.26,11.35,4
2353.485,-7.281014,112.796670,2.89,8.65,-28.14,82.40,146.54,292.50,-16.18,11635,4751,10.23,10.09,0
2353.490,-7.280419,112.796672,0.36,0.45,-30.90,76.52,-153.55,294.75,-5.54,23453,21231,12.38,10.51,1
2353.495,-7.280238,112.797125,1.04,4.49,2.19,107.98,6.06,297.00,-11.41,13204,13105,11.61,12.39,1
2353.500,-7.280308,112.796968,2.15,-10.38,29.51,-100.30,91.57,299.25,-18.83,2948,14896,10.83,10.19,3
2353.505,-7.280372,112.796757,1.06,2.56,31.15,-136.26,80.09,301.50,0.09,4674,26361,11.69,10.16,2
2353.510,-7.280036,112.796898,0.60,31.95,12.02,148.60,102.86,303.75,12.58,10039,2194,10.49,10.01,2
2353.515,-7.280101,112.796617,0.85,22.19,33.55,-135.26,-102.43,306.00,-28.94,13815,28219,10.79,10.68,3
2353.520,-7.280234,112.797099,2.05,-23.38,-22.37,-2.11,-132.64,308.25,2.17,25486,12686,11.26,11.83,3
2353.525,-7.279645,112.796851,3.44,-23.99,-5.24,72.28,142.61,310.50,24.16,378,14165,10.11,10.04,0
2353.530,-7.279482,112.797133,3.43,23.92,-20.39,-76.87,73.87,312.75,25.23,14336,464,11.84,11.91,3
2353.535,-7.280228,112.797649,2.74,30.56,-37.63,-44.01,-153.47,315.00,25.24,10005,27969,10.85,12.27,2
2353.540,-7.280152,112.797250,2.46,9.70,-8.21,-48.86,138.58,317.25,25.15,2708,4142,12.00,11.85,3
2353.545,-7.279511,112.797491,0.85,11.05,23.54,109.84,-155.80,319.50,-0.14,11399,5846,10.14,10.74,0
2353.550,-7.279622,112.797226,2.73,-19.69,-16.75,-18.51,-23.83,321.75,-17.05,22535,11649,12.02,11.81,0
2353.555,-7.279252,112.797955,2.41,14.42,34.54,9.19,159.45,324.00,0.93,12080,9492,12.29,12.36,1
2353.560,-7.279562,112.797420,1.82,30.77,-5.29,116.51,-148.28,326.25,-32.89,11902,28049,10.75,12.16,3
2353.565,-7.279602,112.797530,2.92,6.85,-9.37,-13.70,-140.22,-326.86,18.17,25498,5583,10.24,11.87,4
2353.570,-7.279428,112.797310,3.45,-22.63,-36.82,-86.61,33.50,-324.61,-24.57,15530,6309,10.92,10.08,3
2353.575,-7.279637,112.797570,2.90,-26.94,21.05,114.79,112.01,-322.36,18.07,13943,4705,12.17,12.46,4
2353.580,-7.279382,112.798093,1.57,12.46,-26.03,139.74,177.88,-320.11,-25.24,19536,11717,12.36,11.83,2
2353.585,-7.279537,112.797691,1.29,-15.08,23.86,-60.15,11.20,-317.86,-10.90,27663,12185,10.35,12.48,0
2353.590,-7.278700,112.797668,0.08,34.27,12.65,-103.21,-44.99,-315.61,-13.47,249,1820,12.50,11.62,3
2353.595,-7.278653,112.797706,0.35,31.08,17.89,42.21,82.45,-313.36,-26.76,9054,29794,11.26,12.55,3
2353.600,-7.279121,112.798441,2.38,-24.56,-4.60,-83.64,13.44,-311.11,-5.12,19775,10996,12.58,11.41,2
2353.605,-7.279255,112.798499,1.58,-37.00,26.65,57.07,-14.18,-308.86,-10.00,5816,4634,12.26,11.91,2
2353.610,-7.278799,112.797985,2.44,-5.53,16.02,-54.87,131.41,-306.61,34.93,25503,22970,10.95,11.47,4
2353.615,-7.278509,112.798997,2.57,-11.20,25.12,48.95,176.86,-304.36,2.53,9760,29586,10.09,10.01,0
2353.620,-7.279132,112.798456,2.14,22.37,24.49,170.27,-28.22,-302.11,-19.10,10606,12228,12.21,11.78,1
2353.625,-7.278804,112.798675,2.10,15.92,8.67,166.65,-66.61,-299.86,7.54,23763,23512,12.42,11.18,4
2353.630,-7.279222,112.799183,3.23,-28.80,-6.91,-77.05,29.42,-297.61,5.36,6497,10881,10.78,12.46,3
2353.635,-7.280389,112.799058,0.37,-15.39,-9.66,10.99,-151.63,0.00,32.43,27315,2428,11.95,10.08,1
2353.640,-7.280432,112.798958,1.04,-18.83,-33.11,101.26,-128.52,2.25,-34.91,24576,11255,10.34,10.09,4
2353.645,-7.280358,112.799030,3.00,9.24,1.62,27.49,167.70,4.50,29.83,6981,7281,11.74,10.19,1
2353.650,-7.280916,112.798594,3.06,5.30,-22.34,-68.09,127.77,6.75,-10.18,15927,29766,12.58,11.33,4
2353.655,-7.280382,112.799379,0.01,-4.47,13.93,-142.70,-156.47,9.00,-10.44,4901,24077,11.71,10.92,1
2353.660,-7.280285,112.799557,1.47,-25.54,1.63,147.50,-6.90,11.25,18.99,7074,5972,12.43,10.01,2
2353.665,-7.280478,112.799184,0.56,20.58,20.17,-94.52,-48.73,13.50,-24.30,10848,14240,11.37,10.39,2
2353.670,-7.280847,112.798788,3.46,20.13,-15.30,-16.32,103.78,15.75,-25.54,270,2320,11.31,11.89,1
2353.675,-7.280617,112.799022,1.26,-16.02,1.11,149.21,51.05,18.00,-19.78,45,19924,11.44,11.65,1
2353.680,-7.280490,112.799748,0.98,14.12,12.23,-82.23,-83.23,20.25,-8.05,25075,12783,12.37,11.30,0
2353.685,-7.280646,112.799475,2.33,1.94,-31.19,38.58,105.92,22.50,-23.96,25165,9500,11.25,10.51,0
2353.690,-7.280191,112.799599,2.68,34.38,-26.60,160.39,-73.52,24.75,-26.17,24435,28223,11.04,10.28,1
2353.695,-7.280709,112.799434,2.42,-39.70,-9.81,-90.60,3.29,27.00,-8.86,28239,19319,11.59,11.49,1
2353.700,-7.280348,112.799735,0.24,-14.70,-35.94,-42.01,164.47,29.25,-27.53,26761,3264,11.70,11.25,1
2353.705,-7.280844,112.799579,2.57,1.63,-33.81,-164.66,-70.99,31.50,-23.96,3692,21246,10.24,12.11,2
2353.710,-7.280216,112.799877,1.89,-18.14,-8.88,11.54,19.24,33.75,25.21,12417,6224,10.34,11.94,2
2353.715,-7.280392,112.799210,2.90,27.74,26.89,-106.71,-161.44,36.00,4.55,17157,21837,10.62,12.57,0
2353.720,-7.280991,112.799324,0.79,11.88,-30.53,-144.27,-148.22,38.25,23.28,3484,98,12.47,11.03,4
2353.725,-7.281025,112.799797,3.08,31.01,-12.30,-65.60,52.12,40.50,17.56,4796,9822,11.70,12.49,0
2353.730,-7.280879,112.800097,0.42,-11.73,-1.35,51.75,-96.10,42.75,-10.46,16489,1603,11.95,12.54,2
2353.735,-7.280422,112.800229,1.95,-26.13,23.86,91.66,15.73,45.00,17.23,29064,21817,12.54,11.85,4
2353.740,-7.281044,112.799340,0.80,-12.82,-35.21,-84.02,176.86,47.25,24.42,6257,17290,10.26,12.44,0
2353.745,-7.280849,112.800025,2.60,-21.36,-2.80,144.01,-92.11,49.50,-26.76,15289,25913,12.06,12.55,1
2353.750,-7.280974,112.800041,0.39,11.69,12.69,-75.68,-143.25,51.75,-1.12,27987,5014,12.45,10.35,3
2353.755,-7.280543,112.799445,0.05,-18.19,-2.77,-31.51,92.48,54.00,21.23,11712,21136,12.17,10.65,2
2353.760,-7.280353,112.799458,1.24,5.06,-6.09,-94.43,165.72,56.25,8.25,12554,18399,11.95,10.82,2
2353.765,-7.280841,112.799973,2.68,29.29,-18.97,-59.92,69.73,58.50,-5.34,337,7190,12.45,10.28,1
2353.770,-7.280571,112.799806,0.62,18.65,36.34,20.57,-2.13,60.75,-4.97,6454,13150,10.17,12.16,2
2353.775,-7.281256,112.799562,0.64,-1.21,-39.24,-165.88,125.67,63.00,-28.12,15536,21231,12.31,12.23,3
2353.780,-7.280510,112.800271,0.11,12.43,-36.98,-0.50,-80.10,65.25,-12.17,23861,11402,10.48,12.50,4
2353.785,-7.281145,112.799934,1.78,35.97,16.77,-38.10,-175.76,67.50,-10.40,15615,19902,12.49,10.51,3
2353.790,-7.280741,112.800475,0.60,-16.90,-30.19,-138.51,6.86,69.75,-13.55,12047,24984,10.60,10.56,3
2353.795,-7.280973,112.800217,0.33,-27.59,5.39,3.96,-172.84,72.00,-12.12,2315,8419,12.00,12.07,1
2353.800,-7.280928,112.800114,2.82,-5.49,-25.84,51.25,-162.89,74.25,5.07,10294,21601,12.20,11.84,4
2353.805,-7.280966,112.800582,3.33,-36.34,-38.65,134.47,-32.52,76.50,-4.40,2680,189,11.73,10.01,2
2353.810,-7.281417,112.800716,1.15,14.23,-32.53,97.08,9.18,78.75,-21.54,9605,28808,10.54,11.03,0
2353.815,-7.281564,112.800334,2.91,-37.64,25.22,24.22,30.06,81.00,31.57,3938,19170,11.53,12.34,2
2353.820,-7.281270,112.799781,1.66,7.08,26.51,55.69,157.40,83.25,-28.29,11083,24147,11.98,11.74,2
2353.825,-7.281865,112.800714,3.03,-4.40,-25.87,-138.70,75.58,85.50,0.21,21408,26616,11.65,11.03,2
2353.830,-7.281053,112.800527,2.00,0.53,25.43,-106.78,-36.58,87.75,20.67,21939,23692,11.39,11.53,3
2353.835,-7.281272,112.800003,0.33,11.56,-17.95,-148.07,-100.61,90.00,-0.46,9201,18492,12.32,12.58,2
2353.840,-7.282041,112.800692,2.44,6.91,-28.48,46.08,-63.09,92.25,22.29,29347,4325,10.79,11.63,2
2353.845,-7.281703,112.800735,1.86,-13.23,18.71,-109.41,34.40,94.50,-30.35,12153,6663,12.26,11.17,0
2353.850,-7.281310,112.799894,3.06,3.00,-36.98,100.12,25.66,96.75,13.22,9342,25768,10.24,12.02,3
2353.855,-7.281959,112.800641,1.68,-24.03,-5.49,-44.96,166.12,99.00,16.81,15890,290,11.15,10.71,0
2353.860,-7.281655,112.799901,0.89,-18.48,-33.43,-110.21,7.80,101.25,-4.85,17791,15767,11.15,10.55,4
2353.865,-7.282019,112.800365,1.40,-35.56,-21.62,166.05,-14.09,103.50,-13.30,20419,13358,11.19,11.80,0
2353.870,-7.281630,112.800743,1.27,30.87,-37.15,67.53,-168.31,105.75,-20.81,29815,19756,10.56,11.00,0
2353.875,-7.281576,112.800536,2.28,31.27,-35.29,65.07,-174.58,108.00,-23.47,6082,20879,10.27,10.43,4
2353.880,-7.281564,112.800735,3.38,-4.70,24.79,86.58,172.26,110.25,-12.98,18044,7732,10.13,10.49,3
2353.885,-7.282422,112.800252,1.38,-15.71,30.01,123.05,-64.86,112.50,24.57,5629,27239,12.00,11.20,4
2353.890,-7.282082,112.800113,1.99,-37.03,33.86,-20.14,133.60,114.75,30.08,12278,27803,10.00,11.74,1
2353.895,-7.282376,112.799915,2.70,26.65,-2.02,74.51,-16.93,117.00,33.39,7987,9364,11.42,11.98,1
2353.900,-7.282590,112.799849,0.94,34.60,-24.99,-155.86,64.65,119.25,28.22,9568,11452,12.11,10.23,3
2353.905,-7.281836,112.799978,0.48,-27.36,-39.07,75.87,167.05,121.50,15.44,5900,9367,11.81,11.66,3
2353.910,-7.282822,112.800118,0.79,6.52,24.10,123.57,-79.25,123.75,-33.80,4782,5906,11.22,11.76,0
2353.915,-7.282519,112.799750,1.42,-33.05,-1.69,-24.63,134.51,126.00,34.72,21869,25994,10.33,12.03,4
2353.920,-7.282300,112.800574,2.76,-23.13,-26.93,-102.77,-66.49,128.25,31.23,17799,12755,12.21,12.21,2
2353.925,-7.282045,112.799754,1.30,27.64,9.56,-29.82,13.18,130.50,-5.33,23549,2105,11.43,11.61,0
2353.930,-7.282380,112.799670,2.30,-14.40,-2.15,-1.50,-76.90,132.75,-13.77,7770,29403,10.51,11.51,4
2353.935,-7.282139,112.800276,1.43,-21.90,-10.07,-80.96,-173.03,135.00,26.63,10316,7236,10.03,11.99,4
2353.940,-7.282898,112.800428,2.09,39.41,-22.09,-164.96,-101.21,137.25,34.08,16683,7474,12.53,12.00,1
2353.945,-7.283027,112.799932,2.29,5.79,-21.27,-48.84,-0.57,139.50,-32.39,11275,19970,10.05,11.85,4
2353.950,-7.282576,112.799451,2.08,-29.47,31.80,113.91,110.79,141.75,-33.51,9171,4137,10.30,11.07,1
2353.955,-7.282370,112.800002,2.91,-34.46,-33.96,-111.55,-102.70,144.00,8.00,3690,11035,11.75,11.50,1
2353.960,-7.282755,112.800184,0.49,-21.37,6.89,165.10,78.28,146.25,18.46,26246,3321,11.58,10.13,4
2353.965,-7.283389,112.799670,1.71,24.82,1.26,-48.06,92.24,148.50,-18.92,5857,23939,12.30,10.21,1
2353.970,-7.283211,112.799929,3.13,13.74,18.93,153.74,149.98,150.75,-25.61,6126,7194,11.50,11.23,4
2353.975,-7.282666,112.799199,0.90,-36.24,5.17,-179.02,-97.55,153.00,-26.13,20736,18890,12.37,11.36,4
2353.980,-7.283240,112.799709,0.59,-10.28,4.00,78.33,115.05,155.25,3.10,455,5771,11.42,10.94,0
2353.985,-7.282719,112.799646,1.97,-19.00,-11.31,-28.86,-5.20,157.50,-22.96,3813,18341,11.25,10.94,3
2353.990,-7.282743,112.799234,2.83,-24.39,29.87,137.75,30.52,159.75,17.62,2460,22956,12.49,12.44,3
2353.995,-7.283409,112.799762,2.88,-26.97,-8.65,176.44,-69.41,162.00,-23.12,15625,28348,11.93,11.19,2
2354.000,-7.283618,112.799773,1.12,-35.42,33.82,-133.73,-143.97,164.25,-10.33,14314,24165,12.31,11.54,2
2354.005,-7.283081,112.799401,1.10,34.28,0.00,-76.12,36.81,166.50,2.05,19598,10496,10.27,10.90,0
2354.010,-7.282870,112.798871,2.96,-22.33,36.19,83.54,33.16,168.75,17.75,16616,14075,11.36,10.70,4
2354.015,-7.283575,112.798686,2.86,-4.71,-12.91,-10.00,165.06,171.00,-21.24,19214,29522,12.56,11.35,1
2354.020,-7.283663,112.798863,2.15,-15.04,-1.79,-115.12,11.79,173.25,-6.91,17564,28622,10.38,10.20,1
2354.025,-7.283408,112.799191,0.48,-13.38,-3.00,-21.55,-75.34,175.50,22.11,14564,29861,10.94,10.89,1
2354.030,-7.282951,112.799319,1.19,37.48,38.85,-114.57,170.37,177.75,13.07,16142,27773,11.73,12.01,3
2354.035,-7.283455,112.798538,0.83,-24.92,-15.71,129.70,6.76,180.00,29.32,24083,4619,11.96,10.64,4
2354.040,-7.283736,112.798428,2.80,12.37,16.53,118.42,-29.15,182.25,24.69,14031,8209,10.39,11.25,2
2354.045,-7.283479,112.798540,1.52,-29.41,24.69,78.36,-75.62,184.50,-0.80,24252,20695,12.05,11.19,3
2354.050,-7.283015,112.798596,0.69,-10.34,20.45,-73.07,38.14,186.75,-18.07,6673,29225,11.80,12.07,4
2354.055,-7.283192,112.798858,1.68,36.70,-23.79,-25.83,-112.75,189.00,25.10,13721,18753,10.19,12.45,2
2354.060,-7.283629,112.798080,3.22,18.01,26.65,6.17,64.49,191.25,-26.52,25190,3919,11.93,11.27,0
2354.065,-7.283749,112.798867,0.61,-11.08,-31.02,-128.07,170.05,193.50,-28.14,9145,29843,10.04,10.55,3
2354.070,-7.283063,112.798299,2.93,2.01,6.54,-57.34,101.90,195.75,-17.67,29124,28451,10.55,12.44,3
2354.075,-7.283406,112.798694,0.08,24.99,-0.93,85.84,-157.70,198.00,-12.74,12146,6880,11.81,10.58,2
2354.080,-7.283169,112.798029,2.96,-35.80,7.05,-88.75,-79.10,200.25,-32.45,15234,7120,11.58,10.91,3
2354.085,-7.283401,112.798079,0.42,-21.76,8.62,126.27,-124.31,202.50,22.86,16712,18330,11.42,10.46,2
2354.090,-7.283152,112.798594,0.56,4.38,12.77,10.13,141.78,204.75,8.48,2521,5754,11.71,11.17,0
2354.095,-7.283655,112.798292,1.87,-7.54,-11.45,162.51,173.20,207.00,-8.45,2656,20607,11.73,11.50,3
2354.100,-7.282699,112.797620,0.49,-7.79,-33.62,-30.67,2.43,209.25,-28.34,26238,22680,10.07,10.74,3
2354.105,-7.282882,112.798228,2.95,19.52,13.27,-128.20,67.14,211.50,1.39,8575,20243,11.85,10.38,4
2354.110,-7.283067,112.797401,2.03,32.96,-37.88,42.75,25.86,213.75,18.04,1119,24088,11.71,11.10,1
2354.115,-7.283530,112.798084,0.90,-6.43,-35.18,114.36,-165.47,216.00,-32.08,22349,1651,10.61,10.45,4
2354.120,-7.283350,112.797392,2.04,-13.22,-1.24,8.54,46.45,218.25,0.04,8866,13535,10.64,11.93,3
2354.125,-7.282556,112.797399,0.86,-4.30,32.89,-58.60,-166.47,220.50,-34.45,5315,2317,10.84,11.52,2
2354.130,-7.282882,112.797352,1.99,-25.02,32.33,170.22,79.53,222.75,0.32,15776,18822,12.34,10.34,2
2354.135,-7.282963,112.797353,2.83,26.44,25.19,-169.90,-26.34,225.00,20.23,12700,19099,11.20,11.22,3
2354.140,-7.283094,112.797197,3.10,-19.90,10.23,-7.90,103.38,227.25,22.58,20142,20988,11.77,10.20,2
2354.145,-7.282588,112.797773,3.41,35.07,21.50,-50.53,-97.39,229.50,17.26,2829,28149,12.53,10.17,0
2354.150,-7.282587,112.797749,0.63,11.90,0.96,-76.98,-28.65,231.75,19.18,22517,268,11.06,10.22,3
2354.155,-7.283081,112.797378,1.69,-14.11,-36.50,-11.88,105.58,234.00,9.48,8436,21443,11.05,10.14,4
2354.160,-7.282737,112.797672,2.72,-24.96,1.38,79.41,-124.43,236.25,-5.75,3014,6725,10.03,12.03,3
2354.165,-7.282666,112.797002,1.95,-9.22,-31.73,-18.43,170.39,238.50,5.94,21221,23654,11.70,10.96,0
2354.170,-7.282130,112.796702,1.52,5.96,23.47,28.02,-114.64,240.75,-9.70,25566,12544,10.19,12.43,1
2354.175,-7.282534,112.796941,1.48,-18.38,39.75,80.42,-110.60,243.00,2.60,3041,10004,12.19,11.48,1
2354.180,-7.282692,112.797363,0.49,5.61,8.28,-19.42,-33.91,245.25,-29.14,18300,17981,11.17,10.84,2
2354.185,-7.281982,112.796608,0.60,14.25,-24.29,-89.19,-78.82,247.50,-5.68,25303,15250,12.33,10.80,3
2354.190,-7.282543,112.796627,3.16,21.35,-24.63,-54.62,128.03,249.75,-5.45,23719,19831,11.11,11.68,2
2354.195,-7.282487,112.796538,2.80,-18.76,-34.59,176.75,121.35,252.00,9.14,7307,24779,10.53,11.39,4
2354.200,-7.281825,112.797261,0.33,-25.68,13.43,106.90,114.42,254.25,-4.08,28444,1132,10.13,12.02,4
2354.205,-7.282385,112.796662,1.12,-12.45,-36.74,-10.78,155.69,256.50,-31.37,4952,18090,11.47,11.14,1
2354.210,-7.282364,112.796504,3.29,2.77,39.03,112.05,-30.72,258.75,-9.05,11416,7589,10.49,11.19,0
2354.215,-7.282243,112.796748,0.67,32.87,-37.51,-18.43,-163.42,261.00,15.12,2057,23635,12.19,10.82,2
2354.220,-7.281601,112.796432,2.02,-17.70,29.61,62.76,140.83,263.25,-18.36,16267,24635,11.47,10.42,0
2354.225,-7.281992,112.796388,0.47,10.09,-7.01,-26.29,-122.34,265.50,31.59,29333,6453,12.04,10.16,0
2354.230,-7.281400,112.796538,2.04,34.95,-27.76,-81.63,-94.88,267.75,34.95,12064,17262,10.84,11.09,2
2354.235,-7.281246,112.796815,1.19,4.90,-11.74,-120.92,17.40,270.00,-14.59,11802,24816,10.46,12.31,4
2354.240,-7.281080,112.796443,1.52,-33.78,37.90,148.70,27.90,272.25,-2.19,26554,1511,12.48,12.21,3
2354.245,-7.281031,112.797063,0.74,-36.82,-27.52,13.19,128.73,274.50,29.51,24759,22317,11.07,11.13,3
2354.250,-7.281679,112.796831,2.67,-13.66,-1.12,83.96,54.15,276.75,-1.11,24826,20615,12.35,12.37,4
2354.255,-7.281030,112.796468,2.50,-34.43,5.26,-107.31,179.13,279.00,-7.81,17408,17989,11.88,12.52,4
2354.260,-7.280902,112.797023,3.17,-28.64,12.39,-46.89,87.27,281.25,-34.96,27086,324,10.87,10.36,3
2354.265,-7.280672,112.796240,3.38,-5.04,22.01,-167.07,141.73,283.50,24.57,19702,28234,10.14,12.04,3
2354.270,-7.280919,112.797104,2.47,34.90,-30.69,-40.48,-4.19,285.75,-27.55,15201,19468,10.98,11.66,3
2354.275,-7.280702,112.796314,1.18,-31.76,-20.60,69.88,163.07,288.00,4.07,17413,12210,12.12,11.59,1
2354.280,-7.280620,112.796445,0.78,-1.85,18.32,-99.11,-2.95,290.25,3.56,12272,5475,11.32,10.69,1
2354.285,-7.280152,112.796753,0.88,12.20,-8.18,120.53,-27.26,292.50,34.46,16136,23912,12.45,11.13,3
2354.290,-7.280920,112.796842,0.51,19.97,-19.21,134.63,59.95,294.75,26.88,3177,5345,11.04,11.06,1
2354.295,-7.280867,112.796755,2.49,-14.79,-33.27,-84.73,-37.59,297.00,-6.50,8223,7713,10.70,11.52,4
2354.300,-7.280605,112.796611,0.17,8.27,-31.21,77.26,-27.63,299.25,22.78,2386,24481,11.27,10.23,0
2354.305,-7.279957,112.797375,1.45,-12.24,4.48,100.34,138.33,301.50,-14.88,20723,5936,11.68,12.03,2
2354.310,-7.279848,112.797020,0.19,14.84,-36.85,14.88,-4.71,303.75,26.41,9412,19975,11.11,12.43,0
2354.315,-7.279819,112.797200,2.46,39.50,19.78,156.07,13.87,306.00,-6.12,9764,15199,12.09,10.11,4
2354.320,-7.279875,112.796865,1.06,19.13,39.78,100.74,-8.98,308.25,-5.27,21433,6449,10.92,10.13,1
2354.325,-7.279567,112.796914,0.32,-34.12,-33.39,-75.91,-102.27,310.50,-26.32,4932,22896,12.05,11.40,1
2354.330,-7.279743,112.796965,0.68,3.14,-17.45,-168.14,15.85,312.75,8.35,25670,7799,11.34,12.58,4
2354.335,-7.279787,112.797266,2.82,17.90,19.41,-146.11,120.69,315.00,20.91,29631,29356,12.39,10.93,0
2354.340,-7.279562,112.797483,0.37,-21.37,-27.95,-19.02,40.47,317.25,-14.80,27646,28454,11.37,12.38,0
2354.345,-7.279981,112.796982,2.52,-20.19,21.78,-36.13,10.95,319.50,29.05,5020,3336,11.04,10.83,2
2354.350,-7.279338,112.797329,2.11,-23.00,33.33,134.67,-100.41,321.75,-20.82,29849,1931,12.02,12.28,3
2354.355,-7.279973,112.796963,2.73,-16.21,10.59,-79.50,154.80,324.00,-16.46,20020,24237,11.53,12.06,0
2354.360,-7.279716,112.797971,0.23,27.52,-1.85,-30.85,-165.95,326.25,27.27,21645,23486,10.34,12.51,4
2354.365,-7.279443,112.797683,3.06,-34.18,-21.55,-171.54,-24.47,-326.86,21.67,14873,15490,12.11,10.72,3
2354.370,-7.279348,112.797589,2.13,-4.26,14.00,135.12,-172.60,-324.61,-34.67,8042,11145,12.23,11.35,4
2354.375,-7.278790,112.797330,0.56,33.06,1.41,-121.66,108.56,-322.36,-15.52,17327,29678,11.89,11.20,4
2354.380,-7.279039,112.798289,2.36,-24.55,30.62,-99.00,-124.32,-320.11,32.77,18115,14990,11.20,12.08,1
2354.385,-7.279504,112.797738,0.60,-38.68,-26.45,85.79,51.09,-317.86,-16.61,28406,7346,10.89,12.25,2
2354.390,-7.279181,112.798204,3.12,21.86,-2.92,-86.96,65.51,-315.61,10.61,22624,19726,10.83,11.87,4
2354.395,-7.279330,112.798082,2.87,22.14,28.15,172.03,121.93,-313.36,-6.85,26101,26370,11.20,10.38,3
2354.400,-7.279131,112.798529,2.10,-25.63,27.41,-16.74,-1.52,-311.11,5.54,17265,16604,10.91,11.01,0
2354.405,-7.279306,112.798373,0.52,-16.03,-39.49,-136.55,-20.00,-308.86,-10.63,5691,1334,11.44,11.24,1
2354.410,-7.279267,112.797940,0.64,8.50,35.89,1.59,53.78,-306.61,-23.90,12241,15477,10.30,12.25,0
2354.415,-7.278514,112.798554,0.55,22.28,11.58,74.20,66.43,-304.36,-33.09,11143,18538,10.87,12.09,3
2354.420,-7.279026,112.798724,0.32,12.31,8.08,162.39,137.05,-302.11,-21.92,14556,9705,11.72,12.19,4
2354.425,-7.279146,112.798287,2.71,-35.26,-28.95,130.39,97.29,-299.86,-2.54,2741,3210,12.13,12.18,1
2354.430,-7.278687,112.799093,2.14,-23.23,29.71,-89.96,94.13,-297.61,9.68,26505,25123,10.00,10.87,4
2354.435,-7.280404,112.798583,0.75,21.51,-32.52,98.05,68.38,0.00,-26.13,16891,24901,10.45,12.34,1
2354.440,-7.280547,112.799034,3.05,-26.08,8.13,-131.42,-36.32,2.25,-6.49,4579,17830,11.12,11.34,2
2354.445,-7.280952,112.798941,2.26,-2.62,-2.93,119.79,116.03,4.50,-9.34,29549,10603,11.32,12.56,3
2354.450,-7.280610,112.799167,0.38,35.39,37.21,48.23,-69.94,6.75,16.41,14911,12620,10.17,12.40,3
2354.455,-7.280152,112.799214,1.47,-11.52,26.45,-113.32,-149.51,9.00,-20.21,18491,25259,11.17,10.49,4
2354.460,-7.280927,112.799468,2.96,-27.99,27.63,-63.31,-29.14,11.25,-10.06,510,548,10.70,10.00,3
2354.465,-7.280725,112.798812,1.74,21.64,26.80,-143.14,-58.54,13.50,-28.19,2640,246,10.88,11.88,4
2354.470,-7.280594,112.798751,1.12,32.36,2.20,29.29,-153.88,15.75,-4.04,10787,966,11.59,12.59,1
2354.475,-7.280252,112.799070,0.49,-16.73,4.57,169.71,40.90,18.00,2.55,7071,20931,12.40,12.03,2
2354.480,-7.280907,112.799766,2.22,-17.84,-1.53,112.22,-13.16,20.25,-4.62,18008,500,10.03,12.26,4
2354.485,-7.280693,112.799061,2.81,16.99,-7.80,93.41,57.32,22.50,16.07,28939,5176,12.50,11.26,3
2354.490,-7.280281,112.799137,2.72,18.51,-11.04,135.51,-81.97,24.75,-3.80,29405,27642,12.28,10.63,0
2354.495,-7.280620,112.799769,1.15,-36.00,-5.76,26.79,37.20,27.00,-15.32,6419,5112,11.23,11.17,1
2354.500,-7.280266,112.799795,0.66,7.63,-30.14,-77.17,-67.75,29.25,-33.10,4820,22958,11.50,11.54,4
2354.505,-7.280768,112.799875,1.49,-15.52,13.39,29.95,76.29,31.50,-11.90,8235,410,12.23,11.50,2
2354.510,-7.280112,112.799448,1.22,11.13,33.51,-85.07,15.09,33.75,-28.70,26372,18569,11.13,10.28,3
2354.515,-7.280427,112.799592,3.23,-27.52,4.80,-2.33,82.66,36.00,-32.52,23811,6720,11.07,12.14,0
2354.520,-7.280092,112.799958,1.84,32.92,-12.25,119.36,-7.24,38.25,-12.70,16611,28305,10.44,11.36,3
2354.525,-7.280221,112.799634,1.46,16.52,-4.52,95.59,-92.14,40.50,11.73,1881,23224,11.61,10.22,4
2354.530,-7.280759,112.799495,1.60,10.02,-25.10,4.61,126.22,42.75,-2.56,26194,16429,10.36,11.94,0
2354.535,-7.280899,112.799934,2.15,33.08,24.05,51.90,-164.40,45.00,34.90,18447,12163,10.24,11.11,2
2354.540,-7.280295,112.799672,0.10,-2.64,8.67,178.29,-166.04,47.25,9.77,21429,29365,12.52,12.59,2
2354.545,-7.280838,112.799988,1.38,32.33,-35.63,144.62,44.28,49.50,-3.18,16951,20868,12.54,10.67,2
2354.550,-7.280510,112.800044,2.25,-16.17,-30.84,-20.07,38.24,51.75,-11.87,23115,27698,12.28,10.78,3
2354.555,-7.280817,112.799517,1.62,-21.88,-10.10,-26.43,138.91,54.00,-22.44,14588,9549,11.02,11.29,0
2354.560,-7.281048,112.799760,2.04,7.39,-36.27,150.60,108.02,56.25,28.68,25812,24273,10.37,10.10,1
2354.565,-7.280436,112.799753,2.06,-7.76,-39.30,-127.33,123.63,58.50,-18.98,26237,26824,12.47,12.47,3
2354.570,-7.280402,112.799642,2.96,13.64,-0.22,170.37,-90.91,60.75,19.90,3764,459,12.54,11.55,1
2354.575,-7.281117,112.799734,1.71,-30.60,39.02,-13.99,52.32,63.00,19.31,28388,29572,10.45,12.35,1
2354.580,-7.280574,112.800390,1.08,-23.87,35.41,120.09,28.77,65.25,13.25,12456,10089,10.87,12.58,4
2354.585,-7.280615,112.799767,2.86,25.72,-25.37,94.68,-54.52,67.50,31.67,22255,27014,11.21,10.56,3
2354.590,-7.281429,112.799640,0.87,-14.51,13.55,1.23,-69.71,69.75,-34.24,21954,1594,11.84,11.44,3
2354.595,-7.281566,112.800507,3.29,13.93,-16.18,52.73,48.07,72.00,-28.83,24318,13789,11.95,10.32,4
2354.600,-7.281112,112.800019,1.42,28.97,14.74,-177.73,124.28,74.25,-29.59,23639,26268,12.08,11.07,2
2354.605,-7.281049,112.800341,0.21,-3.62,-11.06,145.46,-89.65,76.50,31.01,11171,7852,10.03,12.15,3
2354.610,-7.281433,112.800719,0.62,12.23,-12.69,-32.42,154.34,78.75,16.27,16074,12548,11.36,12.40,1
2354.615,-7.281008,112.800112,3.31,3.26,-8.00,-96.02,106.61,81.00,-3.38,8032,18879,10.38,11.91,0
2354.620,-7.280978,112.800628,3.50,-17.52,33.83,136.45,65.98,83.25,-10.21,1548,7565,12.46,11.66,1
2354.625,-7.281379,112.800685,1.10,-36.73,24.25,-78.27,-112.32,85.50,-33.79,13095,687,10.44,11.16,0
2354.630,-7.281283,112.800656,1.95,26.63,-38.18,173.91,77.74,87.75,9.24,24289,142,10.65,11.97,1
2354.635,-7.281205,112.800310,0.85,36.60,-18.74,-14.41,128.03,90.00,19.43,26754,15685,10.84,12.16,1
2354.640,-7.281128,112.800276,0.21,-0.85,10.29,-35.89,104.68,92.25,29.06,11789,24689,11.02,12.32,3
2354.645,-7.281584,112.800064,1.58,-12.62,-16.81,-152.00,-110.36,94.50,27.67,16807,18548,10.26,10.63,2
2354.650,-7.281992,112.800191,2.03,25.15,1.44,28.81,177.73,96.75,-15.78,19989,13250,10.94,12.04,1
2354.655,-7.281855,112.800468,3.38,-21.37,4.19,157.87,-29.01,99.00,-17.94,20837,7306,10.21,11.00,3
2354.660,-7.281356,112.799919,2.98,-34.74,-33.93,-102.28,62.84,101.25,-19.60,28928,21862,10.40,11.15,1
2354.665,-7.281637,112.800448,2.02,-26.74,38.53,174.22,76.22,103.50,18.17,588,29782,10.08,12.39,2
2354.670,-7.281589,112.799917,1.07,-28.78,5.63,-34.01,-136.51,105.75,-13.71,7159,7171,10.46,12.46,1
2354.675,-7.281895,112.800750,2.09,11.59,27.34,173.94,-138.53,108.00,-9.44,22680,13314,10.76,10.13,1
2354.680,-7.282237,112.800124,0.70,-14.03,29.22,177.00,93.34,110.25,2.86,24180,247,10.11,12.14,2
2354.685,-7.282220,112.799875,1.07,22.91,7.69,-96.12,-53.21,112.50,3.63,17982,16696,12.39,11.92,1
2354.690,-7.282332,112.800326,3.14,-22.67,-0.21,-52.83,143.84,114.75,-26.17,3450,14539,11.81,10.36,2
2354.695,-7.282370,112.800743,2.29,12.71,-6.24,19.70,-45.78,117.00,17.48,28381,2049,11.91,10.33,4
2354.700,-7.281902,112.799923,0.87,31.32,-0.66,171.91,-155.80,119.25,-18.93,23344,29477,12.05,12.14,2
2354.705,-7.282607,112.800284,0.29,22.23,-22.81,-47.54,95.31,121.50,-6.01,9346,10152,12.43,11.34,2
2354.710,-7.282157,112.800115,1.18,38.48,37.15,111.50,-74.98,123.75,-12.57,1246,21118,10.71,11.01,3
2354.715,-7.282658,112.800042,1.35,14.64,-33.56,178.61,-90.25,126.00,-5.41,18782,29161,10.57,10.86,4
2354.720,-7.282080,112.799994,1.97,-27.18,-36.88,-20.92,-144.03,128.25,10.57,22820,28226,12.08,11.59,4
2354.725,-7.282196,112.800065,1.48,-4.41,5.15,9.73,97.73,130.50,22.90,3817,14012,12.16,12.52,4
2354.730,-7.282400,112.800438,2.10,39.60,31.17,-82.77,-62.87,132.75,-30.13,7223,3340,12.00,12.36,3
2354.735,-7.282947,112.799761,2.18,-8.38,19.24,4.16,-35.42,135.00,20.87,25577,15751,11.35,11.72,0
2354.740,-7.283157,112.800436,1.97,-12.25,4.24,22.33,73.09,137.25,-31.47,5298,17931,11.48,11.72,4
2354.745,-7.283137,112.799952,2.76,-26.50,20.16,-108.40,-146.40,139.50,32.93,17421,1796,11.21,12.58,3
2354.750,-7.282616,112.799780,0.99,-22.42,-6.25,15.92,29.44,141.75,23.77,14541,24395,12.35,10.88,3
2354.755,-7.283246,112.799727,1.78,-27.69,21.96,-179.42,42.03,144.00,13.90,20135,20732,10.75,10.21,0
2354.760,-7.283179,112.799402,0.59,-21.29,7.26,100.15,65.68,146.25,13.87,12540,7272,11.74,12.16,1
2354.765,-7.282662,112.800264,2.78,3.96,-9.59,120.50,-110.45,148.50,29.19,24788,1467,10.78,11.87,0
2354.770,-7.283031,112.799471,1.37,11.27,-17.36,-92.28,-43.32,150.75,-20.33,22178,29579,11.32,12.16,4
2354.775,-7.283217,112.799775,2.25,-38.33,-24.40,73.09,106.65,153.00,-2.42,6183,22563,10.79,11.32,4
2354.780,-7.282728,112.799610,2.07,4.41,0.16,-24.56,-119.08,155.25,-14.29,5797,28171,10.29,10.75,1
2354.785,-7.282855,112.799408,0.40,14.63,-7.96,146.89,98.53,157.50,20.57,29988,26718,11.69,11.80,2
2354.790,-7.283229,112.799354,3.17,-33.74,35.63,-2.15,-117.83,159.75,-28.59,541,1009,12.03,12.56,2
2354.795,-7.283391,112.799457,1.50,-28.40,8.50,118.43,-160.83,162.00,-7.07,6200,16891,12.33,11.92,4
2354.800,-7.283281,112.799721,2.71,-11.34,-31.65,88.47,-150.44,164.25,5.28,9812,9936,12.02,10.65,3
2354.805,-7.282764,112.798953,2.23,-29.00,-23.71,29.31,-164.19,166.50,0.77,13461,11281,11.91,12.31,3
2354.810,-7.283126,112.799039,3.36,-19.07,28.37,-0.17,173.59,168.75,6.42,24337,1625,10.02,12.18,4
2354.815,-7.283747,112.799637,1.28,17.84,21.12,47.69,-119.23,171.00,1.47,18736,17757,11.29,10.74,1
2354.820,-7.283178,112.799023,0.32,-4.43,25.87,24.44,94.33,173.25,-32.75,26153,20050,10.94,11.92,2
2354.825,-7.282971,112.798763,1.41,17.27,25.76,-41.98,-45.08,175.50,32.01,7079,13947,10.78,11.58,0
2354.830,-7.283284,112.799408,3.17,17.05,11.16,22.68,-48.45,177.75,20.47,26639,29293,10.70,10.64,4
2354.835,-7.283032,112.798839,1.19,-22.46,-1.02,-147.80,152.03,180.00,-24.87,9936,418,11.41,10.24,1
2354.840,-7.283717,112.798524,2.63,-18.02,27.68,121.66,-151.70,182.25,-25.69,12712,18357,12.58,12.02,0
2354.845,-7.283543,112.798581,1.03,38.04,23.23,-64.50,-6.37,184.50,-15.45,20241,13224,11.40,10.04,0
2354.850,-7.283137,112.799076,3.26,-5.50,-28.07,157.35,21.76,186.75,31.90,10359,10809,10.10,12.35,1
2354.855,-7.282913,112.798979,3.20,36.86,-18.35,149.77,-29.66,189.00,26.70,4642,11509,10.18,11.06,2
2354.860,-7.283498,112.798615,0.02,-1.19,25.49,111.38,-32.53,191.25,-2.48,17880,22112,12.52,11.78,3
2354.865,-7.283540,112.798661,2.85,-10.29,-1.99,-152.01,118.55,193.50,8.12,2550,17150,10.34,11.01,4
2354.870,-7.283328,112.798410,0.30,18.14,17.41,108.77,4.37,195.75,25.81,442,23991,11.22,11.71,2
2354.875,-7.283318,112.798759,2.40,39.57,28.99,-89.13,61.22,198.00,19.27,23348,5510,11.98,11.88,3
2354.880,-7.282930,112.798208,2.01,23.10,23.57,-97.75,42.13,200.25,9.11,16625,10816,10.89,10.35,0
2354.885,-7.282883,112.798414,2.09,4.36,1.07,-84.94,102.09,202.50,-28.79,17884,10979,10.85,11.63,0
2354.890,-7.283733,112.797991,0.06,-17.07,-11.29,-11.26,-144.07,204.75,19.03,3260,29894,10.18,11.36,3
2354.895,-7.283066,112.798032,0.88,29.58,-11.52,-146.94,84.85,207.00,-1.19,2365,14176,12.32,10.77,0
2354.900,-7.283122,112.798291,0.71,-25.76,-8.89,-32.09,132.51,209.25,-23.17,5266,10535,11.76,12.23,1
2354.905,-7.283594,112.797819,2.60,17.50,8.78,-127.36,-41.19,211.50,6.28,14576,3327,12.27,12.04,0
2354.910,-7.282867,112.797957,1.99,10.20,1.23,4.07,88.50,213.75,13.48,20662,24425,10.56,12.07,1
2354.915,-7.283385,112.798101,1.24,31.53,8.11,8.86,144.51,216.00,6.57,16677,6405,10.61,12.16,2
2354.920,-7.282635,112.798061,0.33,-20.26,9.33,157.47,65.58,218.25,13.37,15322,29310,10.47,10.55,3
2354.925,-7.282988,112.797388,2.92,23.68,15.03,-145.05,46.17,220.50,-26.06,14932,28653,12.45,10.27,4
2354.930,-7.283003,112.797550,2.85,-22.05,3.14,-40.77,91.11,222.75,2.20,14373,110,12.24,10.91,1
2354.935,-7.283126,112.797673,0.11,28.31,-33.69,-156.91,123.72,225.00,-27.22,11696,8662,11.26,11.99,3
2354.940,-7.282928,112.797641,2.85,34.64,-3.93,-18.73,-169.72,227.25,24.82,22891,20469,10.31,11.73,3
2354.945,-7.282864,112.797759,3.22,-2.23,22.33,-177.86,60.77,229.50,11.64,28902,28770,10.08,10.28,0
2354.950,-7.282928,112.797722,1.26,-17.99,-2.31,-108.72,128.93,231.75,16.40,17921,29908,11.71,11.52,2
2354.955,-7.282249,112.797447,1.25,9.64,-33.40,72.65,-89.23,234.00,18.57,10175,19121,11.30,12.32,3
2354.960,-7.282269,112.796690,0.60,30.38,37.61,65.12,-154.93,236.25,-22.48,21288,1990,10.12,11.44,0
2354.965,-7.282552,112.797244,0.41,18.07,34.75,-9.66,-95.60,238.50,2.20,9969,6640,10.47,11.35,4
2354.970,-7.282392,112.797283,0.69,13.79,-32.55,174.27,133.02,240.75,-32.16,17987,9999,10.65,10.75,4
2354.975,-7.282760,112.796836,2.02,27.14,-24.38,-133.54,150.69,243.00,-19.68,24259,12613,10.70,11.67,0
2354.980,-7.282102,112.796913,1.04,34.85,-39.08,-59.63,172.01,245.25,31.62,1488,22123,11.65,11.78,4
2354.985,-7.282731,112.797156,0.83,7.60,1.30,31.94,-162.43,247.50,-14.87,21425,28554,10.73,12.05,4
2354.990,-7.281911,112.797199,1.69,4.79,-23.93,40.69,126.38,249.75,-31.98,5135,28269,12.35,11.16,3
2354.995,-7.282042,112.796606,0.70,-36.71,8.12,-168.42,-62.06,252.00,12.71,5556,29529,11.64,11.88,0
2355.000,-7.281888,112.796418,0.39,15.44,1.63,-2.24,-131.96,254.25,33.36,19029,18475,11.55,11.02,3
2355.005,-7.282218,112.797111,1.60,22.68,6.26,27.89,-37.61,256.50,-25.08,19244,19926,12.49,11.15,4
2355.010,-7.282128,112.796400,3.21,10.45,-21.95,-173.86,-156.35,258.75,-2.92,24773,7582,12.12,12.30,1
2355.015,-7.281950,112.797095,1.19,-35.61,-22.79,-121.94,151.27,261.00,31.01,27182,13190,10.80,11.79,4
2355.020,-7.282174,112.796316,3.50,-31.21,-13.55,123.99,68.65,263.25,-11.54,6647,7519,10.43,10.90,1
2355.025,-7.281642,112.797104,3.08,19.52,-20.49,-105.64,148.61,265.50,-34.34,18385,17449,10.52,11.36,0
2355.030,-7.282043,112.796762,2.00,-35.48,-24.23,129.91,-161.54,267.75,-16.79,14441,22572,12.18,10.33,0
2355.035,-7.281600,112.796284,0.18,12.42,-3.06,-50.33,-173.54,270.00,6.65,15582,13008,12.37,10.63,0
2355.040,-7.281133,112.797175,2.25,-23.14,37.89,-39.25,89.27,272.25,-31.62,25812,21842,11.22,10.15,3
2355.045,-7.281741,112.796548,2.51,28.67,23.70,-85.34,-121.81,274.50,-17.65,9586,19128,10.88,11.72,3
2355.050,-7.281489,112.797130,1.40,-20.99,6.13,-130.72,-118.72,276.75,-2.53,12390,21549,12.39,11.49,2
2355.055,-7.281119,112.796208,0.71,-23.97,4.07,60.12,-39.35,279.00,-13.49,27556,26915,11.90,12.19,2
2355.060,-7.281332,112.797076,2.60,37.44,6.31,-117.93,-130.42,281.25,-21.09,13674,12399,12.46,10.94,0
2355.065,-7.280769,112.796681,1.97,23.44,-39.24,-18.47,98.15,283.50,-12.43,20515,11355,12.02,10.86,0
2355.070,-7.280408,112.796381,1.00,3.82,16.58,70.83,-30.80,285.75,5.04,15234,23946,11.86,11.37,1
2355.075,-7.281176,112.796893,2.84,30.86,-18.90,79.04,-81.32,288.00,-6.22,276,19688,10.72,11.90,4
2355.080,-7.281005,112.796370,2.84,4.24,-15.59,-173.91,151.49,290.25,7.47,23830,7135,12.24,11.23,4
2355.085,-7.280651,112.797052,2.15,6.41,-0.68,-130.00,8.36,292.50,-29.88,24341,1819,10.29,11.81,1
2355.090,-7.280852,112.796719,1.69,28.71,-22.22,-140.27,121.61,294.75,2.25,5249,27639,10.62,10.13,0
2355.095,-7.280587,112.797102,1.47,23.72,-31.13,28.76,164.74,297.00,24.07,5692,26453,10.87,12.40,2
2355.100,-7.280298,112.796905,1.60,-12.47,-33.08,-143.81,162.87,299.25,-18.86,29830,26930,11.03,11.46,3
2355.105,-7.280094,112.796463,1.64,-30.50,36.40,-151.24,-61.59,301.50,-7.39,20219,27238,10.93,12.30,2
2355.110,-7.280089,112.796652,3.44,-16.03,3.06,37.23,-64.63,303.75,0.52,12401,12519,10.17,10.50,2
2355.115,-7.279916,112.796556,0.29,0.82,30.71,127.87,-48.35,306.00,-11.57,17362,16143,11.93,11.57,4
2355.120,-7.279951,112.797488,0.52,-27.44,0.79,138.97,111.01,308.25,-20.70,15523,2481,10.74,11.50,0
2355.125,-7.280180,112.797019,1.56,26.54,-30.59,-15.65,92.91,310.50,0.17,5135,28951,11.61,11.11,0
2355.130,-7.280043,112.797099,0.56,6.07,-4.35,-27.25,28.20,312.75,-5.22,2524,6223,10.63,11.66,1
2355.135,-7.279312,112.797448,1.80,0.39,39.75,-172.82,-123.19,315.00,12.55,11828,28925,12.07,12.26,4
2355.140,-7.279380,112.797199,1.49,-5.51,25.83,101.87,152.63,317.25,-6.32,2852,876,10.00,11.84,2
2355.145,-7.279626,112.797051,0.50,0.00,-34.81,-97.20,87.73,319.50,-2.78,6997,27841,10.34,12.04,4
2355.150,-7.279247,112.797447,0.49,32.31,-9.19,119.72,-113.49,321.75,-30.40,17893,7401,10.82,10.57,1
2355.155,-7.279602,112.797128,2.39,-21.61,-20.42,66.41,160.64,324.00,34.13,8095,14869,11.57,11.59,1
2355.160,-7.279849,112.797183,0.60,-5.84,3.24,-159.42,97.28,326.25,-19.52,646,5725,11.89,12.34,3
2355.165,-7.279872,112.798038,0.84,-26.65,-11.50,-20.13,80.79,-326.86,-20.99,11050,16704,11.25,11.51,4
2355.170,-7.279454,112.797878,0.89,-32.40,-3.80,80.63,169.23,-324.61,-32.10,8458,25001,12.07,10.83,4
2355.175,-7.279256,112.797604,1.84,-25.84,33.99,-101.01,173.47,-322.36,12.02,16418,19266,10.70,10.42,4
2355.180,-7.278884,112.798243,0.74,39.85,19.17,22.91,50.91,-320.11,11.68,12739,10569,12.45,11.77,4
2355.185,-7.279357,112.797517,0.36,-21.48,16.83,-75.63,-86.97,-317.86,-20.30,9609,26106,12.23,11.51,0
2355.190,-7.278953,112.798459,1.13,-14.53,-25.11,-31.11,2.05,-315.61,-8.61,8638,29502,12.16,10.49,3
2355.195,-7.278696,112.798464,2.87,16.95,29.40,40.29,1.39,-313.36,-2.30,18967,9889,10.49,12.54,3
2355.200,-7.278784,112.797900,1.18,5.51,30.18,-105.58,178.61,-311.11,-32.87,24299,21505,11.58,11.93,3
2355.205,-7.279004,112.798043,1.57,7.22,4.31,134.91,42.78,-308.86,6.49,1738,25413,10.35,12.14,2
2355.210,-7.279415,112.798335,3.06,5.08,32.16,134.39,0.16,-306.61,-21.86,26402,7873,11.77,10.02,3
2355.215,-7.279166,112.798184,2.94,5.83,-32.95,-82.02,-11.91,-304.36,34.42,13509,23011,11.93,11.92,2
2355.220,-7.279025,112.799001,0.46,-17.06,-30.51,0.23,-3.20,-302.11,-3.89,21186,6797,11.82,10.30,3
2355.225,-7.279408,112.798808,2.62,30.87,-0.65,-68.62,91.94,-299.86,-7.11,21706,15319,11.77,10.62,3
2355.230,-7.279231,112.799118,0.16,38.63,-25.22,-103.03,-96.13,-297.61,-30.09,25933,24894,11.47,12.29,4
2355.235,-7.280231,112.798432,2.54,24.95,27.41,108.88,95.50,0.00,-5.34,41,18400,10.65,10.47,4
2355.240,-7.280225,112.799057,1.47,-30.65,38.18,178.08,-166.18,2.25,-15.00,15294,3427,11.12,10.81,1
2355.245,-7.280048,112.798794,3.13,-19.01,-35.30,-61.92,-89.49,4.50,21.94,22828,6201,11.12,12.18,2
2355.250,-7.280563,112.799211,2.80,-37.73,0.36,-15.88,46.07,6.75,25.29,12966,19919,12.59,11.48,4
2355.255,-7.280136,112.798657,2.54,5.89,11.05,-102.81,73.49,9.00,25.95,8153,25567,12.52,10.51,3
2355.260,-7.280255,112.798960,3.04,-9.35,-7.71,-96.64,-134.38,11.25,20.08,18389,7799,11.25,10.89,4
2355.265,-7.280471,112.798852,3.07,33.23,11.99,1.34,-55.05,13.50,-34.52,20108,2527,12.00,10.89,4
2355.270,-7.280633,112.799155,3.15,10.46,27.31,-103.03,10.04,15.75,-16.28,14297,28780,12.21,11.49,3
2355.275,-7.280773,112.799028,0.39,-17.72,13.09,123.38,14.75,18.00,-33.28,21925,27316,11.03,11.80,0
2355.280,-7.279981,112.799510,2.70,21.22,34.99,-99.14,-137.75,20.25,34.67,28372,16180,10.31,12.15,2
2355.285,-7.280796,112.799618,1.13,32.74,-10.17,99.75,-174.40,22.50,2.10,23946,5463,12.02,11.48,1
2355.290,-7.280488,112.799647,2.79,16.62,36.32,-34.67,159.29,24.75,-13.86,27943,2660,11.92,12.45,1
2355.295,-7.280146,112.799798,1.35,-13.66,7.90,179.11,-21.86,27.00,-17.73,25704,17440,12.13,11.71,3
2355.300,-7.280408,112.799563,3.11,16.16,12.98,109.35,123.08,29.25,-14.17,8948,5205,10.43,11.66,3
2355.305,-7.280117,112.799291,3.07,-1.13,20.46,-39.63,57.90,31.50,-9.10,6729,25175,12.26,10.80,0
2355.310,-7.280592,112.799493,2.06,-29.86,35.72,51.70,22.04,33.75,-32.72,24285,27265,12.04,12.29,2
2355.315,-7.280655,112.799795,0.64,32.88,-19.41,-119.34,-163.12,36.00,34.91,21525,1520,12.11,12.03,4
2355.320,-7.280846,112.799213,0.66,-32.52,-39.76,-174.36,44.50,38.25,13.18,5916,9982,12.58,10.67,1
2355.325,-7.280819,112.799881,1.94,25.65,-31.87,-104.01,-36.14,40.50,34.37,29247,22640,12.14,10.96,4
2355.330,-7.280692,112.799478,0.54,-1.52,1.52,86.07,-53.68,42.75,20.24,4490,8287,10.82,11.43,1
2355.335,-7.280595,112.799704,0.84,-36.28,36.92,87.93,119.08,45.00,23.69,17891,28766,11.60,12.31,1
2355.340,-7.281021,112.799798,1.13,37.34,36.47,71.39,57.79,47.25,-8.99,12719,20923,12.41,11.58,0
2355.345,-7.281060,112.799632,1.94,14.72,-14.55,7.58,-123.29,49.50,30.58,15051,6219,12.48,11.67,2
2355.350,-7.281089,112.800008,1.83,2.04,38.70,-51.82,-77.87,51.75,18.07,8983,2697,11.14,11.26,1
2355.355,-7.280868,112.800105,3.29,-36.50,31.07,-70.86,136.31,54.00,-8.68,17397,5251,11.64,12.24,1
2355.360,-7.280312,112.800156,1.21,-28.93,2.20,-24.50,-116.53,56.25,20.91,13060,8078,11.53,11.70,3
2355.365,-7.281192,112.800131,1.18,-9.77,-39.25,105.39,11.14,58.50,-28.70,21086,29614,12.07,10.50,3
2355.370,-7.281129,112.799943,3.23,2.15,-12.45,121.20,50.21,60.75,16.77,26183,7763,10.62,12.14,1
2355.375,-7.281097,112.800460,1.28,-34.26,39.09,-26.30,-17.96,63.00,24.12,7881,5855,12.04,11.74,1
2355.380,-7.280881,112.800117,3.47,34.65,12.55,103.24,67.98,65.25,-2.38,1099,16534,11.93,11.22,2
2355.385,-7.280900,112.799758,1.99,-33.56,-39.17,-68.28,21.72,67.50,-2.68,19619,9820,11.57,11.72,1
2355.390,-7.280915,112.800378,0.69,-5.36,10.13,118.43,170.09,69.75,34.03,16784,24884,10.66,10.97,3
2355.395,-7.280723,112.800438,0.66,-34.61,34.33,-135.89,74.16,72.00,18.46,2255,1123,11.03,10.79,4
2355.400,-7.280684,112.800576,2.11,-8.85,35.94,32.65,-55.62,74.25,-19.11,5017,14217,12.07,10.72,1
2355.405,-7.280812,112.799818,1.74,-19.56,12.43,-23.61,-94.14,76.50,28.30,20503,3200,11.37,10.60,0
2355.410,-7.281382,112.800325,2.30,-16.80,32.54,112.58,59.36,78.75,6.09,3159,4995,11.02,10.69,3
2355.415,-7.280971,112.799773,0.56,23.54,36.40,50.10,161.50,81.00,27.28,15514,3976,11.25,11.41,2
2355.420,-7.281669,112.800723,1.53,-9.54,-2.66,-160.67,24.02,83.25,-27.58,28742,20454,10.75,11.63,0
2355.425,-7.281283,112.799836,0.37,11.91,-8.23,53.42,-60.80,85.50,-33.43,17287,12952,11.11,12.11,3
2355.430,-7.281186,112.799993,1.58,-20.45,20.75,-156.22,8.45,87.75,30.36,13193,3276,11.44,10.19,0
2355.435,-7.281310,112.800686,1.99,-16.51,-29.64,-43.78,-155.47,90.00,-10.15,1669,27662,12.36,12.44,2
2355.440,-7.281401,112.800104,3.20,-4.71,19.18,-159.41,-73.14,92.25,1.60,13303,13776,12.33,11.69,1
2355.445,-7.281377,112.800094,3.03,4.76,-0.33,148.58,-64.03,94.50,21.54,8033,20127,10.90,11.55,0
2355.450,-7.282124,112.799896,2.09,21.23,-11.14,-166.48,-46.42,96.75,16.61,25946,12154,12.56,10.63,1
2355.455,-7.281435,112.799998,0.79,-15.94,-10.81,111.58,-147.39,99.00,-12.92,12188,23678,12.19,11.65,1
2355.460,-7.281740,112.799927,2.49,0.83,-24.30,-8.77,56.16,101.25,10.68,20648,21226,11.99,10.46,4
2355.465,-7.281619,112.800619,0.46,21.86,-22.97,170.99,-67.59,103.50,-16.27,14843,19485,11.57,10.45,2
2355.470,-7.282366,112.800512,2.92,9.32,-33.10,-153.57,172.54,105.75,-17.74,15945,22169,12.51,11.10,2
2355.475,-7.281970,112.800555,1.41,22.25,31.44,-114.76,59.84,108.00,-13.74,1135,17043,10.25,10.65,3
2355.480,-7.282174,112.800144,2.37,38.64,-38.02,-23.31,-139.88,110.25,24.15,27689,6869,11.78,10.41,4
2355.485,-7.282195,112.800328,1.41,1.86,15.62,-178.47,162.73,112.50,-10.60,16013,2527,10.18,12.51,2
2355.490,-7.282275,112.800456,0.37,-19.07,-31.07,-79.80,-120.54,114.75,24.46,20925,16973,11.10,10.87,4
2355.495,-7.282409,112.799964,2.78,-17.80,9.08,77.66,33.14,117.00,34.48,6242,21955,12.13,12.21,4
2355.500,-7.281947,112.800154,3.32,-12.83,33.76,157.17,-121.68,119.25,8.28,27438,7681,11.92,12.00,4
2355.505,-7.282744,112.800066,2.69,34.91,22.67,-117.52,-159.88,121.50,1.29,3008,29982,12.16,10.06,4
2355.510,-7.282270,112.800049,0.55,-21.80,15.07,170.71,-93.53,123.75,-10.97,22225,6463,10.06,11.55,2
2355.515,-7.282253,112.800041,2.11,7.85,32.14,-82.91,-119.48,126.00,12.55,20518,15090,11.98,12.56,0
2355.520,-7.282421,112.799664,3.41,-18.36,-15.88,-102.21,96.10,128.25,25.43,16642,13274,11.60,11.79,4
2355.525,-7.283008,112.799918,2.73,-19.85,21.86,-71.69,67.34,130.50,-7.42,14365,25504,12.00,10.17,0
2355.530,-7.282665,112.800517,3.17,-11.43,39.76,-27.22,-51.24,132.75,30.86,18153,24440,10.73,10.02,4
2355.535,-7.282858,112.800463,1.78,-3.24,18.72,61.19,-84.49,135.00,-18.33,10077,12920,10.89,10.11,3
2355.540,-7.282867,112.800219,2.80,28.48,28.33,170.24,-108.44,137.25,-26.01,4435,10306,11.30,10.79,2
2355.545,-7.282981,112.800048,0.21,-22.38,-19.10,-159.50,-123.31,139.50,-25.78,28057,23049,11.18,10.14,2
2355.550,-7.282942,112.799685,3.49,12.92,36.09,159.26,-23.58,141.75,30.93,16916,11346,11.91,12.42,3
2355.555,-7.282716,112.799464,2.02,39.74,-38.50,-115.35,-47.43,144.00,-27.13,10318,7498,10.13,11.88,2
2355.560,-7.282640,112.799615,3.34,3.23,35.24,17.90,43.80,146.25,-8.91,14965,4412,10.92,11.24,2
2355.565,-7.282790,112.800137,0.39,24.00,35.59,45.87,49.97,148.50,1.55,1161,14230,10.70,12.59,3
2355.570,-7.282871,112.799263,3.47,-8.48,7.69,-68.78,59.87,150.75,-21.70,9113,6983,12.39,10.51,0
2355.575,-7.283424,112.799847,3.06,10.70,-35.13,-176.22,145.15,153.00,-18.66,24007,12805,12.27,12.46,4
2355.580,-7.283106,112.799336,1.43,27.00,6.88,141.46,-167.14,155.25,-27.04,12708,6302,10.76,12.43,2
2355.585,-7.283209,112.799517,0.34,-37.88,30.80,-105.61,-149.24,157.50,-24.58,7158,12698,10.54,10.13,0
2355.590,-7.283091,112.799918,1.96,-6.21,31.34,59.20,55.46,159.75,-32.26,26488,8829,12.56,10.15,4
2355.595,-7.283504,112.799808,2.77,-22.19,-22.96,136.01,63.53,162.00,-8.21,26788,15962,11.68,10.64,0
2355.600,-7.282984,112.799745,2.57,23.11,-30.24,150.92,-117.25,164.25,-18.19,27367,25847,12.02,11.89,4
2355.605,-7.283648,112.799615,0.68,14.10,-21.36,38.54,-163.65,166.50,7.06,27557,19556,10.55,11.31,0
2355.610,-7.283342,112.798967,1.96,24.65,-37.35,-165.63,130.96,168.75,18.29,20634,10045,11.94,12.03,0
2355.615,-7.283379,112.798692,1.51,10.86,1.05,136.41,102.22,171.00,-27.99,27467,264,11.04,11.25,1
2355.620,-7.283625,112.799123,1.58,-39.52,-30.71,62.33,-19.32,173.25,-15.28,15925,15880,11.14,11.14,4
2355.625,-7.283640,112.799347,3.19,7.36,-16.29,-32.30,-68.36,175.50,20.34,20625,10154,12.48,11.75,0
2355.630,-7.283664,112.798681,0.60,-32.57,2.80,57.96,70.88,177.75,2.90,20527,25343,10.07,10.54,1
2355.635,-7.283074,112.799374,3.20,-18.68,11.27,-66.57,74.62,180.00,20.46,20305,10833,10.38,11.66,1
2355.640,-7.283358,112.798660,0.59,30.82,4.42,90.58,-114.94,182.25,4.81,29435,26931,10.51,12.21,1
2355.645,-7.282854,112.798487,2.42,28.66,-31.00,100.98,-90.61,184.50,28.56,2751,13898,11.90,10.14,4
2355.650,-7.283425,112.798371,0.96,9.09,-38.56,-27.52,178.66,186.75,-34.10,16790,7659,12.22,10.24,4
2355.655,-7.283715,112.798817,0.88,16.87,14.56,53.45,-175.60,189.00,30.96,9845,6950,11.19,12.57,0
2355.660,-7.283458,112.798579,2.95,-14.16,-36.96,101.53,-68.17,191.25,3.81,5270,14148,11.03,10.90,2
2355.665,-7.283015,112.798251,2.27,-19.09,-26.95,171.49,156.90,193.50,-3.95,29338,26611,11.37,10.54,3
2355.670,-7.283694,112.798315,1.04,34.71,-33.32,-37.51,43.79,195.75,25.52,298,13962,12.02,11.61,0
2355.675,-7.283364,112.798719,2.10,18.08,8.30,163.50,55.11,198.00,27.92,24634,29651,12.17,12.34,1
2355.680,-7.283605,112.798689,0.81,-12.57,0.03,119.03,162.21,200.25,14.08,13538,7043,10.77,11.10,2
2355.685,-7.283245,112.798497,2.44,-39.48,-4.93,71.07,64.03,202.50,12.25,2768,22896,12.19,12.33,2
2355.690,-7.283578,112.798432,1.53,22.29,19.82,143.32,-178.61,204.75,-14.92,15004,16046,11.82,11.66,0
2355.695,-7.282772,112.798213,1.05,0.92,-7.46,-58.09,-167.04,207.00,19.73,13999,28879,10.79,11.54,3
2355.700,-7.282848,112.797497,1.97,8.55,4.86,-63.03,-13.53,209.25,20.59,24980,27195,12.32,11.43,3
2355.705,-7.283551,112.797600,2.11,-30.49,3.95,-170.15,-50.12,211.50,-23.61,14829,17571,12.47,10.90,0
2355.710,-7.283232,112.798108,1.58,-22.81,23.20,-27.94,151.54,213.75,-30.18,5236,4703,11.78,11.28,3
2355.715,-7.282825,112.797574,1.97,24.82,-33.72,37.49,-155.48,216.00,12.04,18167,16737,12.15,11.62,4
2355.720,-7.282962,112.797436,1.43,-20.72,-6.38,-179.43,-163.13,218.25,19.10,6644,28667,11.15,11.05,2
2355.725,-7.282680,112.797126,2.22,12.90,-5.96,-109.20,-144.36,220.50,-17.25,10874,21578,10.59,12.16,2
2355.730,-7.282933,112.798031,2.26,-19.84,33.37,84.36,35.54,222.75,17.45,24976,18013,11.61,11.75,3
2355.735,-7.282441,112.797101,1.15,23.16,-16.93,-1.90,-144.69,225.00,21.22,12358,4748,10.99,11.33,4
2355.740,-7.282531,112.797594,2.95,36.11,5.22,-30.99,122.47,227.25,32.06,27252,12991,10.26,12.15,2
2355.745,-7.283054,112.797281,0.69,35.63,39.83,106.07,-154.12,229.50,-14.75,16969,29338,10.19,12.50,3
2355.750,-7.282414,112.797524,1.71,-32.44,32.01,-83.95,158.77,231.75,-3.11,23458,13840,12.23,10.67,1
2355.755,-7.282232,112.797418,2.87,28.46,-36.79,-167.90,-94.48,234.00,-34.86,1865,23439,11.48,11.50,4
2355.760,-7.282555,112.797489,0.52,-18.43,-29.30,18.30,-5.77,236.25,15.26,9053,29981,11.79,10.64,1
2355.765,-7.282157,112.797416,1.10,15.96,-28.31,-53.11,53.37,238.50,-29.32,18196,13897,10.03,10.47,0
2355.770,-7.282606,112.796962,0.46,-1.14,24.31,-147.39,-96.82,240.75,-0.25,9243,18845,12.15,11.78,3
2355.775,-7.282588,112.797214,1.78,-12.91,-33.31,60.01,26.55,243.00,-27.39,23813,752,12.56,10.45,0
2355.780,-7.282778,112.797175,2.14,-22.66,-7.59,-151.07,24.75,245.25,-18.97,18914,22418,11.27,10.81,4
2355.785,-7.282707,112.797329,1.01,22.50,39.97,-32.15,101.40,247.50,-16.52,10509,21462,11.19,11.69,0
2355.790,-7.282358,112.797382,1.79,33.32,0.03,-103.24,-16.87,249.75,20.13,510,19538,12.09,11.07,1
2355.795,-7.282123,112.796455,1.77,17.55,2.92,-141.45,73.02,252.00,21.53,27164,25414,11.38,10.10,0
2355.800,-7.282321,112.797251,1.31,-7.68,-38.31,-133.93,38.33,254.25,2.63,20992,21619,11.90,10.21,0
2355.805,-7.282113,112.796793,0.08,7.56,39.14,-39.42,128.06,256.50,-20.97,28723,3303,11.78,12.57,2
2355.810,-7.282028,112.796814,0.91,-8.00,19.71,-55.86,-69.94,258.75,-7.19,5665,25484,10.26,11.66,1
2355.815,-7.281992,112.797090,1.53,-16.63,31.66,-110.91,175.35,261.00,-19.36,19990,28252,11.55,10.18,2
2355.820,-7.282072,112.796769,3.34,-0.99,-30.94,151.62,49.45,263.25,-30.95,7044,11279,10.70,12.31,2
2355.825,-7.281629,112.796775,2.45,8.63,-2.88,45.69,-123.61,265.50,29.70,24649,22400,11.59,11.33,1
2355.830,-7.281494,112.796524,1.38,-39.77,-5.20,152.09,-77.74,267.75,13.80,13147,16881,12.13,11.02,4
2355.835,-7.281417,112.797169,3.28,35.18,35.92,-136.48,-155.04,270.00,-6.12,27859,3137,11.76,11.76,1
2355.840,-7.281079,112.797019,2.53,-1.22,3.60,11.52,-95.29,272.25,-11.70,6613,23997,11.23,12.14,4
2355.845,-7.281486,112.797164,2.59,37.43,-18.32,27.79,-105.67,274.50,17.34,19216,24174,10.28,10.47,4
2355.850,-7.280972,112.796911,0.39,-10.16,7.65,152.59,23.09,276.75,17.37,27088,10869,12.28,10.44,4
2355.855,-7.281285,112.796560,0.19,15.93,-24.80,-110.72,57.95,279.00,7.04,2211,23561,12.34,10.45,1
2355.860,-7.281504,112.796510,0.58,36.65,14.61,12.65,-130.25,281.25,-14.19,20386,3577,11.68,10.26,1
2355.865,-7.280872,112.796806,2.37,16.62,21.36,133.21,-141.01,283.50,14.67,10209,21021,10.44,10.62,1
2355.870,-7.281148,112.797009,3.30,33.69,-0.32,105.84,-172.89,285.75,29.44,9397,25991,11.39,10.56,1
2355.875,-7.281254,112.797109,1.05,-35.70,-34.48,-22.42,-105.18,288.00,11.41,231,21254,12.53,10.18,4
2355.880,-7.280379,112.796825,2.31,-36.03,-15.97,-95.91,-45.98,290.25,0.75,4984,12007,12.29,10.10,0
2355.885,-7.280741,112.797003,0.48,-6.58,-36.23,17.96,-54.89,292.50,25.87,29825,9267,12.08,12.13,4
2355.890,-7.280789,112.797122,1.85,-27.36,11.02,-13.40,163.29,294.75,-15.41,20582,19211,11.35,10.00,3
2355.895,-7.280389,112.796490,0.65,35.07,-3.00,119.34,43.16,297.00,-3.72,7024,5104,11.94,10.08,0
2355.900,-7.279998,112.796892,1.70,33.56,13.84,56.44,146.50,299.25,9.14,6192,6554,12.35,11.71,3
2355.905,-7.280113,112.797394,0.88,-31.84,35.59,-126.58,-179.86,301.50,7.21,154,17593,10.36,10.10,2
2355.910,-7.280248,112.796531,0.77,-18.47,0.42,-91.37,-64.67,303.75,-13.04,8468,10282,11.00,10.97,1
2355.915,-7.279750,112.797057,1.85,-14.95,-0.38,121.20,-104.15,306.00,-9.53,3375,6348,11.82,11.73,1
2355.920,-7.279714,112.797157,0.21,20.68,-0.96,172.57,-23.45,308.25,21.40,12312,8266,12.22,12.00,4
2355.925,-7.279490,112.797273,3.04,34.68,28.78,23.71,-138.55,310.50,-29.72,22548,14164,12.33,10.42,3
2355.930,-7.279436,112.797274,2.58,18.93,31.93,140.90,2.32,312.75,8.09,16452,20308,10.82,10.89,3
2355.935,-7.279404,112.796829,2.02,-31.11,39.73,61.27,-159.51,315.00,15.16,28437,29987,10.46,12.29,2
2355.940,-7.279644,112.797590,1.80,-29.05,23.61,-85.61,-67.32,317.25,30.13,11627,14957,11.06,12.01,1
2355.945,-7.279381,112.797638,0.62,12.39,-6.56,-10.65,114.70,319.50,9.96,4153,7596,10.40,10.71,3
2355.950,-7.279172,112.797792,0.77,-18.28,-24.66,-93.59,-68.40,321.75,-3.69,28834,20483,10.93,12.06,4
2355.955,-7.279828,112.797109,3.42,21.40,-29.09,-48.69,79.41,324.00,-28.97,10063,26969,10.17,12.18,1
2355.960,-7.279391,112.797990,2.88,-27.27,6.02,-29.72,-100.62,326.25,-1.03,24054,9541,10.71,10.79,2
2355.965,-7.279260,112.797431,2.89,-26.21,34.95,-36.88,-78.59,-326.86,30.00,22918,5253,11.53,10.63,3
2355.970,-7.278893,112.798139,2.34,34.21,3.64,146.91,85.45,-324.61,-11.00,7766,5094,10.55,10.32,1
2355.975,-7.279018,112.797838,2.87,33.68,-17.48,18.05,-45.64,-322.36,-15.18,1002,23876,12.11,11.37,4
2355.980,-7.279042,112.798353,1.62,20.88,-25.97,-39.25,-4.59,-320.11,-17.95,9506,16714,11.72,10.86,2
2355.985,-7.278966,112.798080,2.10,-35.19,30.78,-62.08,99.88,-317.86,-16.37,10979,15860,11.00,11.97,3
2355.990,-7.279535,112.797676,0.35,27.94,28.60,95.87,-8.95,-315.61,-8.79,21939,12112,10.94,10.52,1
2355.995,-7.278661,112.798327,2.52,-16.50,36.98,109.33,14.75,-313.36,3.75,19149,21062,11.07,12.59,0
2356.000,-7.278762,112.798655,0.19,-15.68,39.14,121.13,169.97,-311.11,31.72,19014,1215,12.26,11.11,3
2356.005,-7.278657,112.798681,0.95,38.43,12.83,100.80,-85.74,-308.86,25.71,7418,2578,12.16,10.12,2
2356.010,-7.278816,112.798346,2.35,2.03,32.13,127.06,4.93,-306.61,3.35,1924,16043,11.74,10.67,4
2356.015,-7.279235,112.798521,0.07,15.24,-32.09,79.37,123.37,-304.36,-7.22,11181,15249,11.68,12.14,4
2356.020,-7.279209,112.799080,0.13,13.30,14.04,-126.51,91.57,-302.11,26.48,9905,19145,11.14,11.07,3
2356.025,-7.278755,112.798731,2.16,-39.93,-9.49,-105.50,137.78,-299.86,17.00,7637,12131,10.32,12.13,1
2356.030,-7.278656,112.798651,2.02,-12.63,-20.19,-131.97,-144.08,-297.61,-33.95,28714,26507,10.71,12.49,1
2356.035,-7.280347,112.798637,3.28,31.46,13.79,-121.82,-163.08,0.00,16.61,1165,27282,10.92,10.40,3
2356.040,-7.280297,112.798615,2.98,-38.73,8.42,-28.59,83.10,2.25,-19.71,7415,16441,10.89,12.46,3
2356.045,-7.280238,112.799396,2.22,1.49,-31.25,144.73,99.30,4.50,14.85,13590,16144,10.54,12.01,0
2356.050,-7.280250,112.799305,3.23,-24.76,-12.70,-140.78,-87.00,6.75,-25.95,18020,13799,11.72,10.05,2
2356.055,-7.280094,112.799317,3.37,-34.91,37.46,16.03,51.05,9.00,-4.17,29426,4587,11.43,12.08,3
2356.060,-7.280513,112.799089,3.41,17.63,-17.76,77.41,-147.90,11.25,7.63,2509,10950,10.26,12.25,1
2356.065,-7.280783,112.799150,3.46,3.83,29.27,96.94,31.84,13.50,-24.37,24286,20081,10.00,10.53,0
2356.070,-7.280503,112.799616,2.34,-33.23,16.59,-111.24,-170.68,15.75,4.17,3544,11075,11.29,10.50,4
2356.075,-7.280309,112.798877,1.64,-20.80,-18.16,-61.56,-34.29,18.00,-23.95,13939,22282,10.92,12.37,4
2356.080,-7.280162,112.799056,1.08,35.08,-39.59,-13.72,-133.44,20.25,24.20,1672,26196,11.94,12.24,4
2356.085,-7.280523,112.799527,2.76,-27.84,-37.37,-66.97,-56.62,22.50,26.40,13502,26526,11.16,12.11,0
2356.090,-7.280231,112.799732,2.19,20.05,23.07,177.87,-115.15,24.75,10.96,10681,18651,11.27,11.13,4
2356.095,-7.280077,112.799908,1.39,37.79,3.06,118.27,-158.71,27.00,26.66,19344,486,11.17,12.21,0
2356.100,-7.280477,112.799788,0.75,8.60,23.14,143.38,-56.17,29.25,-25.97,19884,14253,10.42,10.69,2
2356.105,-7.280856,112.799881,0.18,36.38,-13.82,-102.95,-86.68,31.50,-6.03,26817,6943,12.15,11.85,2
2356.110,-7.280058,112.799262,0.56,-31.34,-2.09,153.11,90.90,33.75,-15.09,12260,26402,11.39,12.48,2
2356.115,-7.281020,112.799449,2.18,-11.16,-20.34,6.77,-1.31,36.00,13.16,10511,21248,12.59,11.47,3
2356.120,-7.280668,112.800090,1.31,-39.18,-27.21,-125.49,-120.81,38.25,-26.86,12067,22701,12.12,11.67,0
2356.125,-7.280936,112.799844,2.60,10.52,-28.83,73.50,-31.73,40.50,3.70,6476,14743,10.63,11.99,4
2356.130,-7.280805,112.799861,3.23,-10.77,37.06,113.54,82.40,42.75,5.36,9070,22018,11.22,12.18,4
2356.135,-7.281052,112.800117,2.53,-2.87,1.59,153.29,-100.37,45.00,-4.99,27816,12465,12.55,11.42,1
2356.140,-7.280434,112.800250,1.88,22.91,15.75,-136.20,43.46,47.25,14.80,16029,8952,11.04,12.48,2
2356.145,-7.280250,112.799901,2.31,34.16,-33.27,-8.26,22.82,49.50,-7.32,19815,4768,10.03,11.14,4
2356.150,-7.280949,112.800162,0.49,-12.51,-19.84,-168.48,158.25,51.75,16.62,19042,3700,10.01,10.90,4
2356.155,-7.281120,112.800369,2.04,36.81,-4.72,44.68,75.25,54.00,-15.46,3235,15456,12.16,11.76,1
2356.160,-7.280437,112.799977,1.99,25.31,-1.64,-69.90,88.45,56.25,-12.71,25548,5923,10.96,12.19,2
2356.165,-7.280447,112.800473,1.19,-10.25,-30.22,70.32,-122.43,58.50,-3.86,16107,2452,12.51,10.48,3
2356.170,-7.281213,112.800162,2.76,28.67,38.12,163.01,110.41,60.75,28.85,18839,8057,11.90,11.26,4
2356.175,-7.280463,112.800163,1.98,8.46,-11.44,-70.79,50.13,63.00,-17.70,5329,11634,10.68,11.48,2
2356.180,-7.281275,112.799624,2.06,-6.62,-23.68,135.44,109.74,65.25,4.02,15321,10618,11.50,10.50,0
2356.185,-7.281371,112.799756,2.59,24.13,8.80,48.38,-34.64,67.50,-25.37,1490,11116,11.00,10.74,1
2356.190,-7.281352,112.799810,0.57,-34.70,31.67,32.39,1.22,69.75,-31.31,21828,6082,11.57,12.49,2
2356.195,-7.280885,112.800200,2.81,-14.95,5.43,15.23,6.71,72.00,20.44,28195,14893,10.31,12.57,4
2356.200,-7.280975,112.799988,2.05,20.53,17.38,66.05,-29.04,74.25,10.63,4881,1812,10.03,12.00,4
2356.205,-7.281050,112.799907,2.55,-18.08,-21.86,11.57,-179.37,76.50,7.37,24617,15173,10.72,10.65,3
2356.210,-7.280948,112.799867,0.30,-13.97,-0.34,-139.28,142.49,78.75,-33.61,28084,28511,12.08,10.15,0
2356.215,-7.280840,112.800423,0.42,4.75,6.54,161.70,157.88,81.00,-11.25,29624,7687,11.23,12.18,2
2356.220,-7.281617,112.800587,3.32,22.24,-11.21,178.31,107.33,83.25,-14.41,3279,13802,12.31,10.50,3
2356.225,-7.281001,112.800175,2.52,-12.63,-17.76,64.87,153.80,85.50,-2.66,12561,9190,12.59,10.29,3
2356.230,-7.281828,112.800423,1.65,-26.05,20.87,-29.24,45.35,87.75,31.97,8494,16373,11.50,10.39,0
2356.235,-7.281469,112.800586,3.02,-36.90,-12.28,-48.26,-139.79,90.00,3.96,27045,23902,11.23,10.92,2
2356.240,-7.281866,112.800330,1.22,-11.87,-23.85,61.88,143.93,92.25,7.77,8076,8633,12.53,12.56,3
2356.245,-7.282089,112.799940,1.72,15.78,30.89,-117.69,-144.22,94.50,8.23,15372,3318,11.17,10.94,3
2356.250,-7.282148,112.800269,1.72,-11.81,8.53,-12.55,20.73,96.75,3.37,8657,5600,11.97,12.27,1
