timestamp (s),latitude (°),longitude (°),speedMps (m/s),u (m/s),v (m/s),Calc_deg_servo_1 (°),Calc_deg_servo_2 (°),yaw (°),heading_setpoint (°),heading_error (°),rudder_cmd (°),track_wp_index,distance_to_wp (m),accel_x (g),accel_y (g),accel_z (g),gyro_x (deg/s),gyro_y (deg/s),gyro_z (deg/s),rpm_prop_1 (rpm),rpm_prop_2 (rpm),battery_1 (V),battery_2 (V),mode_auto,mini_pc_link
298.933,-7.286717,112.795911,0.02,-0.005,0.012,17.23,12.69,64.97,64.97,0.00,-23.62,0,0.0,-0.06,0.00,0.99,0.00,0.00,0.00,0,0,11.81,12.29,0,0
299.033,-7.286717,112.795911,0.06,-0.004,0.009,-6.20,-8.27,64.97,64.97,0.00,-39.91,0,0.0,-0.06,0.00,0.98,0.00,0.00,0.00,0,0,11.82,12.28,0,0
299.133,-7.286717,112.795911,0.05,-0.003,0.006,-31.31,-31.91,64.97,64.97,0.00,-31.53,0,0.0,-0.07,0.00,0.99,0.00,0.00,0.00,0,0,11.81,12.42,0,0
299.233,-7.286717,112.795911,0.02,-0.002,0.004,-35.12,-33.93,64.97,64.97,0.00,0.40,0,0.0,-0.06,0.00,0.99,0.00,0.00,0.00,0,0,11.80,12.43,0,0
299.333,-7.286717,112.795911,0.01,-0.001,0.003,-16.14,-16.94,64.97,64.97,0.00,0.72,0,0.0,-0.06,0.00,0.99,0.00,0.00,0.00,0,0,11.85,12.07,0,0
299.433,-7.286717,112.795911,0.05,-0.001,0.002,-2.69,-0.79,64.97,64.97,0.00,-16.20,0,0.0,-0.07,-0.01,0.98,0.00,0.00,0.00,0,0,11.72,12.13,0,0
299.533,-7.286717,112.795911,0.02,-0.001,0.001,-7.93,-8.69,64.97,64.97,0.00,1.53,0,0.0,-0.07,0.00,0.98,0.00,0.00,0.00,0,0,11.81,12.43,0,0
299.633,-7.286717,112.795911,0.05,-0.000,0.001,-7.99,-6.07,64.97,64.97,0.00,-1.45,0,0.0,-0.06,-0.01,0.99,0.00,0.00,0.00,0,0,11.78,12.32,0,0
299.733,-7.286717,112.795911,0.03,-0.000,0.001,-2.69,-2.09,64.97,64.97,0.00,-28.22,0,0.0,-0.06,0.00,0.99,0.00,0.00,0.00,0,0,11.78,12.42,0,0
299.833,-7.286717,112.795911,0.03,-0.000,0.001,-4.65,-6.67,64.97,64.97,0.00,0.32,0,0.0,-0.07,0.00,0.99,0.00,0.00,0.00,0,0,11.87,11.97,0,0
299.933,-7.286717,112.795910,0.04,-0.300,-0.140,-5.19,-3.64,64.97,64.97,0.00,0.40,0,0.0,-0.07,0.00,0.98,0.00,0.00,0.00,0,0,11.69,11.75,0,0
300.033,-7.286717,112.795910,0.01,-0.210,-0.098,-1.86,-1.08,64.97,64.97,0.00,0.40,0,0.0,-0.06,-0.01,0.99,0.06,-0.30,0.00,0,0,11.62,12.42,0,0
300.133,-7.286717,112.795910,0.03,-0.147,-0.068,-0.67,-1.02,64.97,64.97,0.00,0.48,0,0.0,-0.05,-0.01,1.00,0.30,0.30,0.00,0,0,11.61,12.43,0,0
300.233,-7.286717,112.795910,0.03,-0.103,-0.048,-0.61,-0.55,64.97,64.97,0.00,0.24,0,0.0,-0.05,-0.01,0.99,0.48,-0.36,0.00,0,0,11.85,12.44,0,0
300.333,-7.286717,112.795910,0.05,-0.072,-0.034,-0.25,-0.67,64.97,64.97,0.00,0.40,0,0.0,-0.07,-0.01,0.98,0.48,-0.36,0.00,0,0,11.61,12.42,0,0
300.433,-7.286717,112.795911,0.08,0.249,0.117,-0.73,-0.90,64.97,64.97,0.00,0.40,0,0.0,-0.07,0.00,0.98,0.30,-0.24,0.00,0,0,11.74,12.42,0,0
300.533,-7.286717,112.795911,0.02,0.175,0.082,-0.61,-0.73,64.96,64.96,0.00,0.32,0,0.0,-0.09,0.00,1.02,1.77,-1.03,-0.06,0,0,11.75,12.39,0,0
300.634,-7.286717,112.795911,0.03,0.122,0.057,-1.26,-0.55,64.97,64.97,0.00,0.32,0,0.0,-0.08,-0.02,0.98,0.73,0.67,0.06,0,0,11.75,12.46,0,0
300.734,-7.286717,112.795911,0.06,0.086,0.040,-0.49,-0.73,64.97,64.97,0.00,0.32,0,0.0,-0.07,-0.01,0.99,0.91,0.18,0.06,0,0,11.61,12.44,0,0
300.834,-7.286717,112.795910,0.10,-0.240,-0.112,-0.43,-0.55,64.98,64.98,0.00,0.32,0,0.0,-0.06,-0.01,0.98,0.85,-0.12,0.00,0,0,11.48,12.45,0,0
300.934,-7.286717,112.795911,0.14,0.132,0.062,-0.85,-0.61,64.98,64.98,0.00,0.32,0,0.0,-0.06,0.00,0.99,0.48,-0.12,0.06,0,0,11.67,12.47,0,0
301.034,-7.286717,112.795911,0.15,0.092,0.043,-0.55,-0.61,64.98,64.98,0.00,0.24,0,0.0,-0.06,0.00,0.98,0.36,0.00,0.00,0,0,11.76,12.44,0,0
301.134,-7.286717,112.795911,0.05,0.065,0.030,-0.37,-0.85,64.98,64.98,0.00,0.40,0,0.0,-0.07,-0.01,0.97,0.67,-0.18,0.00,0,0,11.78,12.44,0,0
301.234,-7.286717,112.795911,0.08,0.045,0.021,-0.37,-0.73,64.98,64.98,0.00,0.32,0,0.0,-0.07,0.00,0.98,0.97,-0.36,0.00,0,0,11.79,12.47,0,0
301.334,-7.286717,112.795911,0.03,0.032,0.015,-0.61,-0.85,64.98,64.98,0.00,0.16,0,0.0,-0.06,0.00,1.00,0.42,-0.12,0.00,0,0,11.79,12.43,0,0
301.434,-7.286717,112.795911,0.01,0.022,0.010,-0.61,-0.61,64.98,64.98,0.00,0.32,0,0.0,-0.06,0.00,0.99,0.18,0.06,0.00,0,0,11.56,12.48,0,0
301.534,-7.286717,112.795911,0.10,0.016,0.007,-0.67,-0.67,64.99,64.99,0.00,0.32,0,0.0,-0.07,0.00,0.99,0.12,0.00,0.06,0,0,11.72,12.47,0,0
301.634,-7.286717,112.795911,0.04,0.011,0.005,-0.67,-0.67,65.00,65.00,0.00,0.24,0,0.0,-0.08,0.01,0.98,0.48,-0.18,-0.48,0,0,11.72,12.39,0,0
301.734,-7.286717,112.795911,0.16,0.008,0.004,-0.55,-0.61,65.01,65.01,0.00,0.32,0,0.0,-0.16,-0.11,0.85,0.06,0.91,0.79,0,0,11.80,12.48,0,0
301.834,-7.286718,112.795911,0.13,-0.136,0.305,-0.67,-0.79,65.00,65.00,0.00,0.16,0,0.0,-0.07,-0.06,0.94,-0.24,1.09,0.06,0,0,11.74,12.42,0,0
301.934,-7.286718,112.795911,0.04,-0.095,0.213,-0.55,-0.67,65.01,65.01,0.00,0.32,0,0.0,-0.05,-0.02,1.03,0.30,-0.61,-0.18,0,0,11.58,12.39,0,0
302.034,-7.286718,112.795911,0.10,-0.066,0.149,-0.61,-0.79,65.01,65.01,0.00,0.32,0,0.0,-0.05,-0.03,1.02,-0.18,0.12,-0.06,0,0,11.82,12.43,0,0
302.134,-7.286718,112.795911,0.06,-0.047,0.105,-0.61,-0.55,65.01,65.01,0.00,0.40,0,0.0,-0.06,-0.03,1.00,-0.24,0.24,0.00,0,0,11.80,12.46,0,0
302.234,-7.286718,112.795911,0.11,-0.033,0.073,-0.55,-0.61,65.01,65.01,0.00,0.32,0,0.0,-0.07,-0.03,0.98,0.12,0.12,0.00,0,0,11.79,12.42,0,0
302.334,-7.286718,112.795911,0.12,-0.023,0.051,-0.37,-0.85,65.01,65.01,0.00,0.24,0,0.0,-0.07,-0.03,0.97,0.42,-0.06,0.00,0,0,11.62,12.44,0,0
302.434,-7.286718,112.795911,0.06,-0.016,0.036,-0.43,-0.67,65.01,65.01,0.00,0.40,0,0.0,-0.07,-0.02,0.98,0.48,-0.06,0.00,0,0,11.68,12.43,0,0
302.534,-7.286718,112.795911,0.11,-0.011,0.025,-0.55,-0.55,65.01,65.01,0.00,0.24,0,0.0,-0.06,-0.01,0.99,0.36,0.00,0.00,0,0,11.73,12.49,0,0
302.634,-7.286718,112.795911,0.05,-0.008,0.018,-0.61,-0.67,65.01,65.01,0.00,0.24,0,0.0,-0.06,-0.01,0.99,0.24,0.00,0.00,0,0,11.82,12.47,0,0
302.734,-7.286718,112.795911,0.03,-0.005,0.012,-0.43,-0.73,65.01,65.01,0.00,0.32,0,0.0,-0.06,-0.01,0.98,0.54,-0.06,0.00,0,0,11.64,12.49,0,0
302.834,-7.286718,112.795911,0.01,-0.004,0.009,-0.55,-0.67,65.01,65.01,0.00,0.40,0,0.0,-0.06,-0.01,0.99,0.48,0.00,0.00,0,0,11.68,12.42,0,0
302.934,-7.286718,112.795911,0.02,-0.003,0.006,-0.37,-0.49,65.01,65.01,0.00,0.32,0,0.0,-0.06,0.00,0.99,0.30,-0.06,0.00,0,0,11.78,12.42,0,0
303.034,-7.286718,112.795911,0.01,-0.002,0.004,-0.73,-0.73,65.00,65.00,0.00,0.32,0,0.0,-0.06,0.00,0.99,0.30,0.00,0.00,0,0,11.67,12.44,0,0
303.134,-7.286718,112.795911,0.08,-0.001,0.003,-0.67,-0.67,65.00,65.00,0.00,0.32,0,0.0,-0.06,0.00,0.99,0.24,0.00,0.00,0,0,11.66,12.47,0,0
303.234,-7.286718,112.795911,0.06,-0.001,0.002,-0.37,0.04,65.00,65.00,0.00,0.32,0,0.0,-0.06,0.00,0.99,-0.24,0.12,0.00,0,0,11.93,12.50,0,0
303.334,-7.286718,112.795911,0.06,-0.001,0.001,-0.43,-0.49,65.00,65.00,0.00,0.32,0,0.0,-0.06,0.00,0.98,-0.12,0.00,0.00,0,0,11.64,12.47,0,0
303.434,-7.286718,112.795911,0.01,-0.000,0.001,-0.55,-0.90,65.00,65.00,0.00,0.32,0,0.0,-0.07,0.00,0.98,0.00,-0.06,0.00,0,0,11.78,12.69,0,0
303.534,-7.286718,112.795911,0.02,-0.000,0.001,-0.79,-0.49,65.00,65.00,0.00,0.24,0,0.0,-0.07,0.00,0.98,-0.18,0.00,0.00,0,0,11.60,12.42,0,0
303.634,-7.286718,112.795910,0.02,-0.300,-0.139,-0.55,-0.61,65.00,65.00,0.00,0.40,0,0.0,-0.06,0.00,0.99,-0.12,0.06,0.00,0,0,11.62,12.43,0,0
303.734,-7.286718,112.795910,0.01,-0.210,-0.098,-0.49,-0.61,65.00,65.00,0.00,0.32,0,0.0,-0.07,0.00,0.99,-0.18,0.00,0.00,0,0,11.77,12.42,0,0
303.834,-7.286718,112.795910,0.00,-0.147,-0.068,-0.37,-0.67,64.99,64.99,0.00,0.16,0,0.0,-0.06,0.00,0.99,-0.12,0.00,0.00,0,0,11.79,12.49,0,0
303.934,-7.286718,112.795910,0.03,-0.103,-0.048,-0.85,-0.73,64.99,64.99,0.00,0.24,0,0.0,-0.06,0.00,0.99,0.00,0.00,0.00,0,0,11.56,12.44,0,0
304.034,-7.286718,112.795910,0.01,-0.072,-0.033,-0.61,-1.20,64.99,64.99,0.00,0.24,0,0.0,-0.06,0.00,0.99,-0.06,0.00,0.00,0,0,11.82,12.44,0,0
304.134,-7.286718,112.795910,0.02,-0.050,-0.023,-0.55,-0.67,64.99,64.99,0.00,0.32,0,0.0,-0.06,0.00,0.99,0.06,0.00,0.00,0,0,11.60,12.42,0,0
304.234,-7.286717,112.795910,0.03,0.106,-0.319,-0.37,-0.55,64.98,64.98,0.00,0.32,0,0.0,-0.06,0.00,0.99,-0.06,0.00,0.00,0,0,11.62,12.46,0,0
304.334,-7.286717,112.795910,0.00,0.074,-0.223,-0.61,-0.61,64.98,64.98,0.00,0.32,0,0.0,-0.06,0.00,0.99,0.00,0.00,0.00,0,0,11.66,12.47,0,0
304.434,-7.286717,112.795910,0.08,0.052,-0.156,-0.43,-0.73,64.98,64.98,0.00,0.32,0,0.0,-0.06,0.00,0.99,0.00,0.00,0.00,0,0,11.62,12.43,0,0
304.534,-7.286717,112.795909,0.02,-0.264,-0.249,-0.49,-0.49,64.98,64.98,0.00,-1.04,0,0.0,-0.07,0.00,0.98,0.00,0.00,0.00,0,0,11.86,12.44,0,0
304.634,-7.286717,112.795909,0.02,-0.184,-0.174,0.21,0.09,64.98,64.98,0.00,-34.51,0,0.0,-0.06,0.00,0.99,0.00,0.00,0.00,0,0,11.73,12.42,0,0
304.734,-7.286717,112.795909,0.05,-0.129,-0.122,-6.02,-7.14,64.98,64.98,0.00,-39.91,0,0.0,-0.07,0.00,0.98,0.00,0.00,0.00,0,0,11.80,12.17,0,0
304.834,-7.286717,112.795909,0.04,-0.090,-0.085,-32.86,-32.39,64.98,64.98,0.00,0.32,0,0.0,-0.06,0.00,0.99,0.00,0.00,0.00,0,0,11.75,12.36,0,0
304.934,-7.286717,112.795909,0.07,-0.063,-0.060,-24.47,-24.49,64.98,64.98,0.00,0.32,0,0.0,-0.06,0.00,0.99,0.00,0.00,0.00,0,0,11.80,11.80,0,0
305.034,-7.286717,112.795909,0.03,-0.044,-0.042,-13.76,-10.59,64.98,64.98,0.00,0.32,0,0.0,-0.07,0.00,0.98,-0.06,0.06,0.00,0,0,11.74,12.36,0,0
305.134,-7.286717,112.795909,0.04,-0.031,-0.029,-0.37,-0.61,64.98,64.98,0.00,40.00,0,0.0,-0.06,0.00,1.00,0.12,-0.06,0.00,0,0,11.61,12.32,0,0
305.234,-7.286717,112.795909,0.01,-0.022,-0.021,16.82,15.84,64.98,64.98,0.00,40.00,0,0.0,-0.06,0.00,1.00,-0.42,0.12,0.00,0,0,11.76,12.07,0,0
305.334,-7.286717,112.795908,0.08,-0.315,-0.154,33.30,32.76,64.98,64.98,0.00,-9.19,0,0.0,-0.06,-0.01,0.98,-0.18,0.00,0.00,0,0,11.78,12.36,0,0
305.434,-7.286717,112.795908,0.04,-0.221,-0.108,40.97,37.87,64.98,64.98,0.00,0.48,0,0.0,-0.07,-0.01,0.98,0.00,-0.12,0.00,0,0,11.82,12.00,0,0
305.534,-7.286717,112.795908,0.01,-0.154,-0.076,14.02,11.68,64.98,64.98,0.00,0.16,0,0.0,-0.06,0.00,0.99,0.12,-0.06,0.00,0,0,11.86,12.36,0,0
305.634,-7.286717,112.795908,0.05,-0.108,-0.053,1.05,1.28,64.98,64.98,0.00,-32.66,0,0.0,-0.06,0.00,0.99,-0.06,0.00,0.00,0,0,11.79,12.35,0,0
305.734,-7.286717,112.795908,0.02,-0.076,-0.037,-5.43,-6.79,64.97,64.97,0.00,-39.83,0,0.0,-0.07,0.00,0.99,0.06,0.06,0.00,0,0,11.86,12.05,0,0
305.834,-7.286717,112.795908,0.04,-0.053,-0.026,-32.56,-32.03,64.97,64.97,0.00,-37.01,0,0.0,-0.07,0.00,0.98,1.58,-0.36,0.18,0,0,11.80,12.45,0,0
305.934,-7.286717,112.795908,0.08,-0.037,-0.018,-38.27,-38.45,64.97,64.97,0.00,0.40,0,0.0,-0.05,0.02,1.03,0.61,0.48,0.18,0,0,11.58,12.43,0,0
306.034,-7.286717,112.795908,0.01,-0.026,-0.013,-22.56,-23.71,64.97,64.97,0.00,0.24,0,0.0,-0.06,0.01,1.00,0.18,0.30,0.12,0,0,11.76,12.06,0,0
306.134,-7.286717,112.795908,0.03,-0.018,-0.009,-6.56,-8.81,64.97,64.97,0.00,0.32,0,0.0,-0.07,0.00,0.97,0.67,-0.06,0.12,0,0,11.68,12.39,0,0
306.234,-7.286717,112.795908,0.01,-0.013,-0.006,-0.61,-1.02,64.97,64.97,0.00,0.24,0,0.0,-0.07,0.00,0.97,0.61,-0.18,0.12,0,0,11.70,12.47,0,0
306.334,-7.286717,112.795908,0.06,-0.009,-0.004,-0.19,-0.79,64.97,64.97,0.00,0.24,0,0.0,-0.06,0.01,0.98,0.06,-0.12,0.00,0,0,11.73,12.36,0,0
306.434,-7.286718,112.795908,0.03,-0.147,0.299,-0.73,-1.08,64.97,64.97,0.00,0.24,0,0.0,-0.06,0.00,0.99,-0.61,0.06,0.00,0,0,11.73,12.50,0,0
306.534,-7.286718,112.795908,0.02,-0.103,0.209,-0.55,-0.73,64.97,64.97,0.00,0.32,0,0.0,-0.06,0.00,0.98,-0.24,-0.12,0.00,0,0,11.73,12.80,0,0
306.634,-7.286718,112.795908,0.00,-0.072,0.147,-0.43,-0.85,64.97,64.97,0.00,0.24,0,0.0,-0.06,0.00,0.99,0.00,-0.06,0.00,0,0,11.80,12.43,0,0
306.734,-7.286718,112.795908,0.01,-0.051,0.103,-0.49,-0.79,64.97,64.97,0.00,0.32,0,0.0,-0.06,0.00,0.99,-0.36,0.00,0.00,0,0,11.82,12.47,0,0
306.834,-7.286718,112.795908,0.03,-0.035,0.072,-0.55,-1.08,64.97,64.97,0.00,0.24,0,0.0,-0.07,0.00,0.98,-0.24,0.00,0.00,0,0,11.69,12.45,0,0
306.934,-7.286718,112.795908,0.04,-0.025,0.050,-0.61,-0.61,64.97,64.97,0.00,0.40,0,0.0,-0.07,0.00,0.99,-0.12,0.00,0.00,0,0,11.68,12.45,0,0
307.034,-7.286718,112.795908,0.01,-0.017,0.035,-0.67,-0.85,64.97,64.97,0.00,0.32,0,0.0,-0.06,0.00,0.99,-0.12,0.06,0.00,0,0,11.74,12.42,0,0
307.134,-7.286718,112.795908,0.07,-0.012,0.025,-0.79,-0.79,64.97,64.97,0.00,0.32,0,0.0,-0.06,0.00,0.99,-0.06,0.00,0.00,0,0,11.68,12.47,0,0
307.234,-7.286718,112.795909,0.09,0.291,0.157,-0.37,-0.67,64.97,64.97,0.00,0.32,0,0.0,-0.06,0.00,0.99,0.00,0.00,0.00,0,0,11.74,12.44,0,0
307.334,-7.286718,112.795909,0.03,0.204,0.110,-0.49,-0.79,64.97,64.97,0.00,0.40,0,0.0,-0.06,0.00,0.99,0.06,0.00,0.00,0,0,11.60,12.42,0,0
307.434,-7.286718,112.795909,0.05,0.143,0.077,-0.37,-0.79,64.97,64.97,0.00,0.40,0,0.0,-0.06,0.00,0.99,0.00,0.00,0.00,0,0,11.82,12.44,0,0
307.534,-7.286718,112.795909,0.06,0.100,0.054,-0.55,-0.90,64.97,64.97,0.00,0.24,0,0.0,-0.06,0.00,0.99,0.00,0.00,0.00,0,0,11.61,12.44,0,0
307.634,-7.286718,112.795909,0.02,0.070,0.038,-0.49,-0.96,64.97,64.97,0.00,0.32,0,0.0,-0.06,0.00,0.99,0.00,0.18,0.00,0,0,11.67,12.42,0,0
307.734,-7.286718,112.795909,0.01,0.049,0.026,-0.43,-0.85,64.97,64.97,0.00,0.32,0,0.0,-0.07,0.00,0.98,0.00,-0.06,0.00,0,0,11.82,12.44,0,0
307.834,-7.286718,112.795909,0.03,0.034,0.018,-0.37,-0.73,64.97,64.97,0.00,0.16,0,0.0,-0.07,0.00,0.99,0.00,0.00,0.00,0,0,11.83,12.50,0,0
307.934,-7.286718,112.795909,0.02,0.024,0.013,-0.25,-0.49,64.97,64.97,0.00,0.24,0,0.0,-0.06,-0.01,0.98,-0.30,0.48,0.00,240,0,11.68,12.46,0,0
308.034,-7.286718,112.795909,0.00,0.017,0.009,-0.73,-0.31,64.97,64.97,0.00,0.32,0,0.0,-0.06,-0.01,0.99,-0.12,0.48,0.00,419,0,11.67,12.46,0,0
308.134,-7.286718,112.795909,0.04,0.012,0.006,-0.73,-0.85,64.97,64.97,0.00,0.40,0,0.0,-0.06,0.00,0.98,0.36,-0.42,0.00,600,0,11.67,12.36,0,0
308.234,-7.286719,112.795909,0.01,-0.133,0.307,-0.49,-0.85,64.97,64.97,0.00,0.40,0,0.0,-0.06,0.00,0.98,0.36,-0.42,0.00,779,0,11.83,12.45,0,0
308.334,-7.286719,112.795909,0.01,-0.093,0.215,-0.49,-0.73,64.97,64.97,0.00,0.16,0,0.0,-0.06,0.00,0.99,-0.12,-0.12,0.00,960,0,11.62,12.46,0,0
308.434,-7.286719,112.795909,0.06,-0.065,0.150,-0.49,-0.85,64.97,64.97,0.00,0.32,0,0.0,-0.06,0.00,0.99,0.18,-0.36,0.00,1139,0,11.78,12.44,0,0
308.534,-7.286719,112.795909,0.01,-0.046,0.105,-0.73,-0.73,64.97,64.97,0.00,0.32,0,0.0,-0.06,0.00,0.99,-0.18,0.36,0.00,1379,0,11.61,12.42,0,0
308.634,-7.286719,112.795909,0.06,-0.032,0.074,-0.79,-0.73,64.97,64.97,0.00,0.24,0,0.0,-0.06,-0.01,0.99,-0.30,0.61,0.00,1559,0,11.62,12.45,0,0
308.734,-7.286719,112.795910,0.01,0.277,0.192,-0.61,-0.73,64.97,64.97,0.00,0.16,0,0.0,-0.06,0.00,0.99,0.24,-0.30,0.00,1740,0,11.68,12.43,0,0
308.834,-7.286719,112.795910,0.03,0.194,0.134,-0.67,-0.85,64.97,64.97,0.00,0.24,0,0.0,-0.06,0.00,0.98,0.24,-0.18,0.00,1920,0,11.64,12.47,0,0
308.934,-7.286719,112.795910,0.03,0.136,0.094,-0.43,-0.49,64.97,64.97,0.00,0.40,0,0.0,-0.06,0.00,0.99,-0.18,-0.06,0.00,1859,0,11.74,12.44,0,0
309.034,-7.286719,112.795910,0.05,0.095,0.066,-0.07,-1.08,64.97,64.97,0.00,0.32,0,0.0,-0.06,0.00,0.99,0.12,0.06,0.00,1859,0,11.77,12.47,0,0
309.134,-7.286719,112.795910,0.04,0.067,0.046,-0.61,-0.73,64.97,64.97,0.00,0.32,0,0.0,-0.06,0.00,0.99,0.00,0.06,0.00,1859,0,11.74,12.47,0,0
309.234,-7.286719,112.795910,0.06,0.047,0.032,-0.55,-0.85,64.97,64.97,0.00,0.32,0,0.0,-0.07,-0.01,0.99,-0.42,0.67,0.00,1859,0,11.75,12.42,0,0
309.334,-7.286719,112.795910,0.02,0.033,0.023,-0.43,-0.85,64.97,64.97,0.00,0.40,0,0.0,-0.06,-0.01,0.99,0.12,-0.12,0.00,1920,0,11.74,12.47,0,0
309.434,-7.286719,112.795910,0.03,0.023,0.016,-0.31,-0.49,64.97,64.97,0.00,0.32,0,0.0,-0.06,0.00,0.99,0.30,-0.30,0.00,1920,0,11.58,12.44,0,0
309.534,-7.286719,112.795910,0.03,0.016,0.011,-0.91,-0.85,64.97,64.97,0.00,0.24,0,0.0,-0.06,0.00,0.99,0.00,0.00,0.00,1859,0,11.79,12.45,0,0
309.634,-7.286719,112.795910,0.07,0.011,0.008,-0.61,-0.49,64.97,64.97,0.00,0.32,0,0.0,-0.06,0.00,0.99,0.00,-0.06,0.00,1859,0,11.64,12.46,0,0
309.734,-7.286719,112.795910,0.03,0.008,0.005,-0.55,-0.67,64.97,64.97,0.00,0.24,0,0.0,-0.06,0.00,0.99,0.00,0.00,0.00,1859,0,11.80,12.47,0,0
309.834,-7.286719,112.795910,0.03,0.005,0.004,-0.61,-1.08,64.97,64.97,0.00,0.40,0,0.0,-0.07,-0.01,0.99,-0.30,0.30,0.00,1859,0,11.72,12.44,0,0
309.934,-7.286720,112.795910,0.06,-0.137,0.305,-0.73,-0.79,64.97,64.97,0.00,-3.70,0,0.0,-0.07,0.00,0.99,0.24,-0.36,0.00,1859,0,11.72,12.39,0,0
310.034,-7.286720,112.795910,0.05,-0.096,0.213,-1.50,-1.38,64.97,64.97,0.00,-20.40,0,0.0,-0.06,0.00,0.98,0.30,-0.06,0.00,1920,0,11.86,12.35,0,0
310.134,-7.286720,112.795910,0.07,-0.067,0.149,-14.11,-13.85,64.97,64.97,0.00,-33.95,0,0.0,-0.06,0.00,0.99,0.24,-0.54,0.00,1920,0,11.82,12.36,0,0
310.234,-7.286720,112.795910,0.07,-0.047,0.105,-29.94,-29.18,64.97,64.97,0.00,-25.00,0,0.0,-0.07,0.00,0.98,0.18,-0.42,0.00,1859,0,11.68,12.26,0,0
310.334,-7.286720,112.795910,0.10,-0.033,0.073,-27.62,-29.83,64.97,64.97,0.00,0.40,0,0.0,-0.06,0.00,0.98,0.00,-0.18,0.00,1620,0,11.70,12.37,0,0
310.434,-7.286720,112.795910,0.05,-0.023,0.051,-12.45,-12.84,64.97,64.97,0.00,0.48,0,0.0,-0.06,0.00,0.99,0.00,0.06,0.00,1440,0,11.72,12.24,0,0
310.534,-7.286720,112.795910,0.03,-0.016,0.036,0.63,0.45,64.97,64.97,0.00,0.40,0,0.0,-0.06,0.00,0.99,0.00,0.00,0.00,1259,0,11.61,12.31,0,0
310.634,-7.286720,112.795910,0.06,-0.011,0.025,-0.25,-1.02,64.97,64.97,0.00,0.32,0,0.0,-0.06,0.00,0.99,0.00,0.00,0.00,1079,0,11.82,12.51,0,0
310.734,-7.286720,112.795910,0.14,-0.008,0.018,-0.07,-0.31,64.97,64.97,0.00,0.40,0,0.0,-0.06,0.00,0.99,0.00,0.00,0.00,900,0,11.68,12.47,0,0
310.834,-7.286720,112.795911,0.01,0.294,0.152,-0.25,-0.49,64.97,64.97,0.00,0.24,0,0.0,-0.06,0.00,0.99,0.00,-0.06,0.00,720,0,11.67,12.48,0,0
310.934,-7.286720,112.795911,0.02,0.206,0.107,-0.43,-0.67,64.97,64.97,0.00,0.32,0,0.0,-0.06,0.00,0.99,0.00,0.00,0.00,539,0,11.62,12.47,0,0
311.034,-7.286720,112.795911,0.04,0.144,0.075,-0.31,-0.43,64.97,64.97,0.00,0.32,0,0.0,-0.06,0.00,0.99,0.00,0.00,0.00,300,0,11.75,12.37,0,0
311.134,-7.286720,112.795911,0.12,0.101,0.052,0.16,-0.55,64.97,64.97,0.00,0.32,0,0.0,-0.06,0.00,0.99,0.00,0.00,0.00,120,0,11.77,12.47,0,0
311.234,-7.286721,112.795911,0.04,-0.070,0.339,-0.37,-0.73,64.97,64.97,0.00,0.32,0,0.0,-0.06,0.00,0.99,0.00,0.00,0.00,0,0,11.72,12.36,0,0
311.334,-7.286721,112.795911,0.06,-0.049,0.237,-0.37,-0.61,64.97,64.97,0.00,0.24,0,0.0,-0.06,0.00,0.99,0.00,0.00,0.00,0,0,11.69,12.43,0,0
311.434,-7.286721,112.795911,0.04,-0.035,0.166,-0.01,-0.73,64.97,64.97,0.00,0.24,0,0.0,-0.06,0.00,0.99,0.00,0.00,0.00,0,0,11.77,12.43,0,0
311.534,-7.286720,112.795911,0.09,0.117,-0.186,-0.49,-0.73,64.97,64.97,0.00,0.32,0,0.0,-0.06,0.00,0.99,0.00,0.00,0.00,0,0,11.70,12.43,0,0
311.634,-7.286720,112.795911,0.06,0.082,-0.130,-0.37,-0.73,64.97,64.97,0.00,0.32,0,0.0,-0.06,0.00,0.99,0.00,0.00,0.00,0,0,11.62,12.42,0,0
311.734,-7.286721,112.795911,0.02,-0.084,0.211,-0.25,-0.55,64.97,64.97,0.00,0.24,0,0.0,-0.06,0.00,0.99,0.00,0.00,0.00,0,0,11.62,12.37,0,0
311.834,-7.286721,112.795911,0.01,-0.059,0.148,-0.19,-0.55,64.97,64.97,0.00,0.40,0,0.0,-0.06,0.00,0.99,0.00,0.00,0.00,0,0,11.82,12.44,0,0
311.934,-7.286721,112.795911,0.03,-0.041,0.103,-0.79,-0.55,64.97,64.97,0.00,0.32,0,0.0,-0.06,0.00,0.99,0.00,0.00,0.00,0,0,11.83,12.18,0,0
312.034,-7.286721,112.795911,0.02,-0.029,0.072,-0.37,-0.55,64.97,64.97,0.00,0.32,0,0.0,-0.06,0.00,0.99,0.00,0.00,0.00,0,0,11.80,12.47,0,0
312.134,-7.286721,112.795911,0.01,-0.020,0.051,-0.31,-0.85,64.97,64.97,0.00,0.24,0,0.0,-0.06,0.00,0.99,0.00,0.00,0.00,0,0,11.80,12.43,0,0
312.234,-7.286721,112.795911,0.04,-0.014,0.035,-0.37,-0.79,64.97,64.97,0.00,0.32,0,0.0,-0.06,0.00,0.99,0.00,0.00,0.00,0,0,11.74,12.49,0,0
312.334,-7.286721,112.795911,0.02,-0.010,0.025,-0.85,-0.19,64.97,64.97,0.00,0.32,0,0.0,-0.06,0.00,0.99,0.00,0.00,0.00,0,0,11.82,12.48,0,0
312.434,-7.286721,112.795912,0.06,0.293,0.157,-0.43,-0.73,64.97,64.97,0.00,0.32,0,0.0,-0.06,0.00,0.99,0.00,0.00,0.00,0,0,11.60,12.44,0,0
312.534,-7.286721,112.795912,0.04,0.205,0.110,0.04,-0.73,64.97,64.97,0.00,0.40,0,0.0,-0.06,0.00,0.99,0.00,0.00,0.00,0,0,11.57,12.45,0,0
312.634,-7.286721,112.795912,0.03,0.144,0.077,-0.43,-0.67,64.97,64.97,0.00,0.24,0,0.0,-0.06,0.00,0.99,0.00,0.00,0.00,0,0,11.86,12.44,0,0
312.734,-7.286721,112.795912,0.02,0.100,0.054,-0.37,-0.61,64.97,64.97,0.00,0.24,0,0.0,-0.06,0.00,0.99,0.00,0.00,0.00,0,0,11.82,12.42,0,0
312.834,-7.286721,112.795912,0.07,0.070,0.038,-0.13,-0.43,64.97,64.97,0.00,0.40,0,0.0,-0.06,0.00,0.99,0.00,0.00,0.00,0,0,11.62,12.42,0,0
312.934,-7.286722,112.795912,0.01,-0.092,0.329,0.10,-0.67,64.97,64.97,0.00,0.40,0,0.0,-0.06,0.00,0.99,0.00,0.00,0.00,0,0,11.64,12.43,0,0
313.034,-7.286722,112.795913,0.00,0.235,0.370,-0.37,-0.49,64.97,64.97,0.00,0.32,0,0.0,-0.06,0.00,0.99,0.00,0.00,0.00,0,0,11.62,12.49,0,0
313.134,-7.286722,112.795913,0.02,0.165,0.259,-0.31,-0.61,64.97,64.97,0.00,0.32,0,0.0,-0.06,0.00,0.99,0.00,0.00,0.00,0,0,11.60,12.45,0,0
313.234,-7.286722,112.795913,0.05,0.115,0.181,-0.37,-0.73,64.97,64.97,0.00,0.32,0,0.0,-0.06,0.00,0.99,0.00,0.00,0.00,0,0,11.81,12.42,0,0
313.334,-7.286722,112.795913,0.06,0.081,0.127,-0.49,-0.49,64.97,64.97,0.00,0.40,0,0.0,-0.06,0.00,0.99,0.00,0.00,0.00,0,0,11.56,12.46,0,0
313.434,-7.286722,112.795913,0.03,0.057,0.089,-0.13,-0.61,64.97,64.97,0.00,0.24,0,0.0,-0.06,0.00,0.99,0.00,0.00,0.00,0,0,11.57,12.43,0,0
313.534,-7.286722,112.795914,0.06,0.339,0.202,-0.31,-0.37,64.97,64.97,0.00,0.32,0,0.0,-0.06,0.00,0.99,0.00,0.00,0.00,0,0,11.74,12.43,0,0
313.634,-7.286723,112.795914,0.01,0.096,0.444,-0.13,-0.67,64.97,64.97,0.00,0.40,0,0.0,-0.06,0.00,0.99,0.00,0.00,0.00,0,0,11.74,12.92,0,0
313.734,-7.286723,112.795914,0.08,0.068,0.311,-0.49,-0.61,64.97,64.97,0.00,0.40,0,0.0,-0.06,0.00,0.99,0.00,0.00,0.00,0,0,11.68,12.47,0,0
313.834,-7.286723,112.795914,0.06,0.047,0.217,-0.43,-0.61,64.97,64.97,0.00,0.24,0,0.0,-0.06,0.00,0.99,0.00,0.00,0.00,0,0,11.80,12.43,0,0
313.934,-7.286723,112.795914,0.04,0.033,0.152,-0.31,-0.61,64.97,64.97,0.00,0.32,0,0.0,-0.06,0.00,0.99,0.00,0.00,0.00,0,0,11.68,12.43,0,0
314.034,-7.286723,112.795914,0.01,0.023,0.107,-0.13,-0.49,64.97,64.97,0.00,0.32,0,0.0,-0.06,0.00,0.99,0.00,0.00,0.00,0,0,11.68,12.50,0,0
314.134,-7.286723,112.795915,0.05,0.316,0.215,-0.55,-0.61,64.97,64.97,0.00,0.24,0,0.0,-0.06,0.00,0.99,0.00,0.00,0.00,0,0,11.80,12.50,0,0
314.234,-7.286723,112.795915,0.04,0.221,0.150,-0.25,-0.55,64.97,64.97,0.00,0.24,0,0.0,-0.06,0.00,0.99,0.00,0.00,0.00,0,0,11.72,12.43,0,0
314.334,-7.286724,112.795915,0.03,0.014,0.407,-0.31,-0.67,64.97,64.97,0.00,0.40,0,0.0,-0.06,0.00,0.99,0.00,0.00,0.00,0,0,11.58,12.43,0,0
314.434,-7.286724,112.795915,0.03,0.010,0.285,-0.37,-1.02,64.97,64.97,0.00,0.32,0,0.0,-0.06,0.00,0.99,0.00,0.00,0.00,0,0,11.85,12.36,0,0
314.534,-7.286724,112.795915,0.03,0.007,0.200,-0.31,-0.90,64.97,64.97,0.00,0.32,0,0.0,-0.06,0.00,0.99,0.00,0.00,0.00,0,0,11.72,12.50,0,0
314.634,-7.286724,112.795915,0.03,0.005,0.140,-0.13,-0.61,64.97,64.97,0.00,0.32,0,0.0,-0.06,0.00,0.99,0.00,0.00,0.00,0,0,11.88,12.30,0,0
314.734,-7.286724,112.795916,0.02,0.303,0.238,-0.31,-0.49,64.97,64.97,0.00,0.40,0,0.0,-0.06,0.00,0.99,0.00,0.00,0.00,0,0,11.80,12.46,0,0
314.834,-7.286724,112.795916,0.03,0.212,0.166,-0.55,-0.55,64.97,64.97,0.00,0.24,0,0.0,-0.06,0.00,0.99,-0.24,0.42,0.00,120,0,11.85,12.44,0,0
314.934,-7.286724,112.795916,0.04,0.149,0.117,-0.37,-0.49,64.97,64.97,0.00,0.32,0,0.0,-0.06,0.00,0.99,0.18,-0.67,0.00,300,0,11.68,12.49,0,0
315.034,-7.286724,112.795916,0.00,0.104,0.082,-0.55,-0.61,64.97,64.97,0.00,0.40,0,0.0,-0.07,0.00,0.98,0.00,0.00,0.00,480,0,11.82,12.47,0,0
315.134,-7.286724,112.795916,0.03,0.073,0.057,-0.31,-0.96,64.97,64.97,0.00,0.40,0,0.0,-0.07,0.00,0.98,-0.12,0.36,0.00,600,0,11.69,12.49,0,0
315.234,-7.286725,112.795916,0.03,-0.090,0.342,-0.13,-0.61,64.97,64.97,0.00,0.16,0,0.0,-0.06,0.00,0.99,0.06,0.00,0.00,779,0,11.81,12.43,0,0
315.334,-7.286725,112.795916,0.02,-0.063,0.240,-0.31,-0.55,64.97,64.97,0.00,0.32,0,0.0,-0.06,0.00,0.99,0.00,0.00,0.00,960,0,11.74,12.44,0,0
315.434,-7.286724,112.795916,0.06,0.097,-0.135,-0.37,-0.90,64.97,64.97,0.00,0.32,0,0.0,-0.07,0.00,0.98,0.48,-0.12,0.00,1079,0,11.85,12.47,0,0
315.534,-7.286725,112.795916,0.01,-0.073,0.208,-0.37,-1.08,64.97,64.97,0.00,0.24,0,0.0,-0.06,-0.01,0.98,-0.18,0.30,0.00,1259,0,11.60,12.44,0,0
315.634,-7.286725,112.795916,0.03,-0.051,0.146,-0.37,-0.85,64.97,64.97,0.00,0.48,0,0.0,-0.06,0.00,0.99,0.06,0.00,0.00,1440,0,11.70,12.44,0,0
315.734,-7.286725,112.795916,0.01,-0.036,0.102,-0.31,-0.55,64.97,64.97,0.00,0.32,0,0.0,-0.07,0.00,0.99,0.06,-0.36,0.00,1620,0,11.81,12.49,0,0
315.834,-7.286725,112.795916,0.01,-0.025,0.071,-0.37,-0.73,64.97,64.97,0.00,0.40,0,0.0,-0.07,0.00,0.98,0.18,-0.06,0.00,1620,0,11.75,12.47,0,0
315.934,-7.286725,112.795916,0.04,-0.018,0.050,-0.31,-0.55,64.97,64.97,0.00,0.32,0,0.0,-0.06,-0.01,0.98,-0.06,0.12,0.00,1620,0,11.73,12.48,0,0
316.034,-7.286725,112.795916,0.04,-0.012,0.035,-0.25,-0.55,64.97,64.97,0.00,0.24,0,0.0,-0.06,0.00,0.99,0.06,0.00,0.00,1620,0,11.51,12.44,0,0
316.134,-7.286725,112.795916,0.04,-0.009,0.024,-0.49,-0.61,64.97,64.97,0.00,0.32,0,0.0,-0.06,0.00,0.99,0.18,-1.09,0.00,1679,0,11.64,12.42,0,0
316.234,-7.286725,112.795916,0.03,-0.006,0.017,-0.49,-0.73,64.97,64.97,0.00,0.24,0,0.0,-0.07,0.00,0.98,-0.06,0.00,0.00,1620,0,11.73,12.59,0,0
316.334,-7.286725,112.795917,0.02,0.296,0.152,-0.43,-0.67,64.97,64.97,0.00,0.40,0,0.0,-0.06,-0.01,0.98,0.12,0.06,0.00,1620,0,11.63,12.44,0,0
316.434,-7.286725,112.795917,0.03,0.207,0.106,-0.19,-0.61,64.97,64.97,0.00,0.32,0,0.0,-0.07,0.00,0.99,0.00,0.12,0.00,1679,0,11.78,12.44,0,0
316.534,-7.286725,112.795917,0.02,0.145,0.074,-0.43,-0.67,64.97,64.97,0.00,0.24,0,0.0,-0.06,0.00,0.99,-0.12,-0.12,0.00,1620,0,11.62,12.47,0,0
316.634,-7.286725,112.795917,0.02,0.101,0.052,-0.43,-0.25,64.97,64.97,0.00,0.32,0,0.0,-0.07,0.00,0.98,0.24,-0.30,0.00,1620,0,11.60,12.43,0,0
316.734,-7.286725,112.795917,0.05,0.071,0.036,-0.37,-0.61,64.97,64.97,0.00,0.32,0,0.0,-0.06,-0.01,0.98,-0.06,0.18,0.00,1620,0,11.79,12.43,0,0
316.834,-7.286725,112.795917,0.02,0.050,0.026,-0.61,-0.67,64.97,64.97,0.00,0.32,0,0.0,-0.07,0.00,0.99,0.00,0.12,0.00,1679,0,11.60,12.45,0,0
316.934,-7.286725,112.795917,0.02,0.035,0.018,-0.61,-0.67,64.97,64.97,0.00,0.24,0,0.0,-0.06,0.00,0.99,0.24,-0.73,0.00,1620,0,11.83,12.44,0,0
317.034,-7.286725,112.795917,0.04,0.024,0.013,-0.07,-0.43,64.97,64.97,0.00,0.32,0,0.0,-0.07,-0.01,0.98,0.12,0.00,0.00,1620,0,11.67,12.44,0,0
317.134,-7.286725,112.795917,0.03,0.017,0.009,-0.37,-0.19,64.97,64.97,0.00,0.40,0,0.0,-0.06,-0.01,0.98,-0.18,0.00,0.00,1620,0,11.62,12.44,0,0
317.234,-7.286725,112.795917,0.03,0.012,0.006,-0.31,-0.01,64.97,64.97,0.00,0.16,0,0.0,-0.07,0.00,0.99,-0.24,0.18,0.00,1620,0,11.83,12.50,0,0
317.334,-7.286725,112.795917,0.02,0.008,0.004,-0.37,-0.67,64.97,64.97,0.00,0.32,0,0.0,-0.06,0.00,0.99,0.24,-0.48,0.00,1620,0,11.82,12.42,0,0
317.434,-7.286726,112.795917,0.01,-0.135,0.305,-0.43,-0.67,64.97,64.97,0.00,0.24,0,0.0,-0.07,-0.01,0.98,-0.18,0.30,0.00,1620,0,11.82,12.44,0,0
317.534,-7.286726,112.795917,0.01,-0.095,0.214,-0.43,-0.43,64.97,64.97,0.00,0.24,0,0.0,-0.06,-0.01,0.98,-0.12,0.18,0.00,1679,0,11.64,12.44,0,0
317.634,-7.286726,112.795917,0.04,-0.066,0.150,-0.37,-0.67,64.97,64.97,0.00,0.24,0,0.0,-0.07,0.00,1.00,0.00,0.06,0.00,1620,0,11.64,12.47,0,0
317.734,-7.286726,112.795917,0.03,-0.046,0.105,-0.31,-0.73,64.97,64.97,0.00,0.32,0,0.0,-0.06,0.00,0.99,0.30,-0.97,0.00,1620,0,11.81,12.44,0,0
317.834,-7.286726,112.795917,0.00,-0.032,0.073,-0.31,-0.85,64.97,64.97,0.00,0.32,0,0.0,-0.06,-0.02,0.98,0.12,0.00,0.00,1620,0,11.54,12.44,0,0
317.934,-7.286726,112.795917,0.04,-0.023,0.051,-0.25,-0.49,64.97,64.97,0.00,0.40,0,0.0,-0.06,-0.01,0.98,-0.30,0.06,0.00,1679,0,11.69,12.49,0,0
318.034,-7.286726,112.795917,0.02,-0.016,0.036,-0.25,-0.61,64.97,64.97,0.00,0.24,0,0.0,-0.06,0.00,0.99,-0.18,0.48,0.00,1620,0,11.51,12.47,0,0
318.134,-7.286726,112.795918,0.03,0.289,0.165,-0.19,-0.61,64.97,64.97,0.00,0.40,0,0.0,-0.06,0.00,0.99,0.24,0.00,0.00,1620,0,11.62,12.44,0,0
318.234,-7.286726,112.795918,0.04,0.202,0.116,-0.43,-0.61,64.97,64.97,0.00,0.16,0,0.0,-0.06,-0.01,0.98,0.12,0.24,0.00,1679,0,11.73,12.44,0,0
318.334,-7.286726,112.795918,0.03,0.141,0.081,-0.13,-0.73,64.97,64.97,0.00,0.24,0,0.0,-0.06,0.00,0.98,-0.24,0.06,0.00,1620,0,11.64,12.46,0,0
318.434,-7.286726,112.795918,0.02,0.099,0.057,-0.25,-0.43,64.97,64.97,0.00,0.32,0,0.0,-0.06,0.00,0.99,-0.06,0.00,0.00,1620,0,11.55,12.47,0,0
318.534,-7.286726,112.795918,0.01,0.069,0.040,-0.37,-0.61,64.97,64.97,0.00,0.40,0,0.0,-0.06,0.00,0.99,0.48,0.00,0.00,1620,0,11.77,12.42,0,0
318.634,-7.286727,112.795918,0.07,-0.093,0.330,-0.49,-0.67,64.97,64.97,0.00,0.32,0,0.0,-0.06,-0.01,0.98,-0.24,0.12,0.00,1679,0,11.74,12.42,0,0
318.734,-7.286727,112.795918,0.03,-0.065,0.231,-0.43,-0.96,64.97,64.97,0.00,0.24,0,0.0,-0.06,0.00,0.98,-0.42,0.24,0.00,1620,0,11.79,12.44,0,0
318.834,-7.286727,112.795918,0.07,-0.045,0.162,-0.07,-0.79,64.97,64.97,0.00,0.32,0,0.0,-0.06,0.00,1.00,-0.12,0.12,0.00,1620,0,11.68,12.42,0,0
318.934,-7.286727,112.795918,0.09,-0.032,0.113,-0.49,-0.73,64.97,64.97,0.00,0.24,0,0.0,-0.06,0.00,0.98,0.24,-0.30,0.00,1620,0,11.60,12.43,0,0
319.034,-7.286727,112.795918,0.05,-0.022,0.079,-0.25,-0.55,64.97,64.97,0.00,0.32,0,0.0,-0.07,-0.01,0.98,-0.12,0.24,0.00,1679,0,11.64,12.44,0,0
319.134,-7.286727,112.795918,0.01,-0.016,0.055,-0.31,-0.49,64.97,64.97,0.00,0.32,0,0.0,-0.06,0.00,0.99,-0.24,0.24,0.00,1620,0,11.54,12.44,0,0
319.234,-7.286727,112.795918,0.09,-0.011,0.039,-0.49,-0.61,64.97,64.97,0.00,0.32,0,0.0,-0.07,0.00,0.99,-0.06,0.00,-0.06,1620,0,11.69,12.45,0,0
319.334,-7.286727,112.795918,0.01,-0.008,0.027,-0.49,-0.79,64.97,64.97,0.00,0.32,0,0.0,-0.07,0.00,0.98,0.54,-0.30,0.00,1679,0,11.82,12.46,0,0
319.434,-7.286727,112.795918,0.04,-0.005,0.019,-0.25,-0.55,64.97,64.97,0.00,0.32,0,0.0,-0.06,0.00,0.98,0.00,0.00,-0.12,1620,0,11.64,12.39,0,0
319.534,-7.286727,112.795918,0.04,-0.004,0.013,-0.13,-0.79,64.97,64.97,0.00,0.24,0,0.0,-0.06,0.00,0.99,0.00,-0.12,0.00,1620,0,11.69,12.42,0,0
319.634,-7.286727,112.795918,0.08,-0.003,0.009,-0.37,0.04,64.97,64.97,0.00,0.32,0,0.0,-0.06,0.00,0.99,0.24,-0.54,-0.06,1620,0,11.68,12.43,0,0
319.734,-7.286727,112.795918,0.04,-0.002,0.007,-0.13,-0.67,64.97,64.97,0.00,0.40,0,0.0,-0.07,0.00,0.97,0.00,0.06,0.00,1679,0,11.57,12.45,0,0
319.834,-7.286727,112.795918,0.03,-0.001,0.005,-0.25,-0.61,64.97,64.97,0.00,0.32,0,0.0,-0.06,-0.01,0.98,-0.06,0.00,0.00,1620,0,11.68,12.49,0,0
319.934,-7.286727,112.795918,0.04,-0.001,0.003,-0.67,-0.55,64.97,64.97,0.00,0.32,0,0.0,-0.06,0.00,0.99,0.00,0.00,0.00,1620,0,11.78,12.43,0,0
320.034,-7.286727,112.795918,0.05,-0.001,0.002,-0.25,-0.73,64.97,64.97,0.00,0.40,0,0.0,-0.06,0.00,0.98,0.18,-0.36,0.00,1620,0,11.80,12.46,0,0
320.134,-7.286727,112.795918,0.01,-0.000,0.002,-0.25,-0.55,64.97,64.97,0.00,0.32,0,0.0,-0.07,-0.01,0.98,0.18,0.00,0.00,1679,0,11.82,12.39,0,0
320.234,-7.286727,112.795918,0.02,-0.000,0.001,-0.55,-0.67,64.97,64.97,0.00,0.24,0,0.0,-0.06,0.00,0.98,-0.12,0.24,0.00,1620,0,11.71,12.38,0,0
320.334,-7.286727,112.795918,0.01,-0.000,0.001,-0.31,-0.49,64.97,64.97,0.00,0.32,0,0.0,-0.07,0.00,0.99,0.00,0.06,0.00,1620,0,11.76,12.42,0,0
320.434,-7.286727,112.795918,0.03,-0.000,0.001,-0.37,-0.49,64.97,64.97,0.00,0.32,0,0.0,-0.06,0.00,0.98,0.42,-0.61,0.00,1679,0,11.60,12.43,0,0
320.534,-7.286726,112.795918,0.03,0.141,-0.302,-0.31,-0.61,64.97,64.97,0.00,0.40,0,0.0,-0.06,-0.01,0.98,0.18,-0.36,0.00,1620,0,11.74,12.42,0,0
320.634,-7.286726,112.795918,0.03,0.099,-0.211,-0.37,0.21,64.97,64.97,0.00,0.24,0,0.0,-0.06,0.00,0.99,0.00,0.06,0.00,1440,0,11.59,12.44,0,0
320.734,-7.286726,112.795918,0.02,0.069,-0.148,-0.13,-0.55,64.97,64.97,0.00,0.40,0,0.0,-0.06,0.00,0.99,0.00,0.00,0.00,1259,0,11.57,12.44,0,0
320.834,-7.286727,112.795918,0.03,-0.093,0.199,-0.31,-0.49,64.97,64.97,0.00,0.32,0,0.0,-0.06,0.00,0.99,0.00,0.00,0.00,1139,0,11.73,12.47,0,0
320.934,-7.286727,112.795918,0.04,-0.065,0.139,-0.31,-0.61,64.97,64.97,0.00,0.24,0,0.0,-0.06,0.00,0.99,-0.06,-0.06,0.00,960,0,11.61,12.46,0,0
321.034,-7.286727,112.795918,0.01,-0.045,0.097,-0.25,-0.67,64.97,64.97,0.00,0.40,0,0.0,-0.06,0.00,0.99,0.00,0.00,0.00,779,0,11.73,12.36,0,0
321.134,-7.286727,112.795918,0.02,-0.032,0.068,-0.13,-0.49,64.97,64.97,0.00,0.40,0,0.0,-0.06,0.00,0.99,0.00,0.00,0.00,600,0,11.73,12.43,0,0
321.234,-7.286726,112.795918,0.04,0.119,-0.255,-0.55,-0.31,64.97,64.97,0.00,0.24,0,0.0,-0.06,0.00,0.99,0.00,-0.06,0.00,480,0,11.63,12.44,0,0
321.334,-7.286727,112.795918,0.06,-0.058,0.124,-0.31,-0.79,64.97,64.97,0.00,0.32,0,0.0,-0.06,0.00,0.99,0.00,0.00,0.00,300,0,11.85,12.44,0,0
321.434,-7.286727,112.795918,0.01,-0.041,0.087,-0.43,-0.79,64.97,64.97,0.00,0.24,0,0.0,-0.06,0.00,0.99,0.00,0.00,0.00,120,0,11.69,12.43,0,0
321.534,-7.286727,112.795918,0.01,-0.028,0.061,-0.31,-0.73,64.97,64.97,0.00,0.32,0,0.0,-0.06,0.00,0.98,0.00,-0.12,0.00,60,0,11.81,12.44,0,0
321.634,-7.286727,112.795918,0.03,-0.020,0.043,-0.37,-0.37,64.97,64.97,0.00,0.48,0,0.0,-0.07,-0.01,0.98,0.00,0.30,0.00,240,0,11.56,12.42,0,0
321.734,-7.286727,112.795918,0.02,-0.014,0.030,-0.55,-0.49,64.97,64.97,0.00,0.40,0,0.0,-0.06,0.00,0.99,-0.36,0.12,0.00,419,0,11.64,12.49,0,0
321.834,-7.286727,112.795918,0.03,-0.010,0.021,-0.25,-0.61,64.97,64.97,0.00,0.16,0,0.0,-0.06,0.00,0.98,0.00,-0.42,0.00,660,0,11.64,12.44,0,0
321.934,-7.286727,112.795918,0.01,-0.007,0.015,-0.13,-0.55,64.97,64.97,0.00,0.40,0,0.0,-0.06,0.00,0.98,0.30,-0.61,0.00,839,0,11.78,12.50,0,0
322.034,-7.286727,112.795918,0.02,-0.005,0.010,-0.37,-0.67,64.97,64.97,0.00,0.32,0,0.0,-0.06,0.00,0.99,0.06,-0.18,0.00,1020,0,11.64,12.44,0,0
322.134,-7.286727,112.795918,0.07,-0.003,0.007,-0.49,-0.43,64.97,64.97,0.00,0.48,0,0.0,-0.07,-0.01,0.98,-0.30,0.12,0.00,1259,0,11.85,12.44,0,0
322.234,-7.286727,112.795918,0.03,-0.002,0.005,-0.43,-0.61,64.97,64.97,0.00,0.24,0,0.0,-0.06,0.00,0.99,0.12,0.06,0.00,1440,0,11.68,12.39,0,0
322.334,-7.286727,112.795918,0.01,-0.002,0.004,-0.13,-0.55,64.97,64.97,0.00,0.40,0,0.0,-0.06,0.00,0.99,0.18,-0.12,0.00,1620,0,11.62,12.44,0,0
322.434,-7.286727,112.795918,0.01,-0.001,0.002,-0.37,-0.73,64.97,64.97,0.00,0.40,0,0.0,-0.06,0.00,0.98,0.00,-0.12,0.00,1800,0,11.59,12.42,0,0
322.534,-7.286727,112.795918,0.04,-0.001,0.002,-0.31,-0.90,64.97,64.97,0.00,0.32,0,0.0,-0.06,0.00,0.99,0.54,-0.73,0.00,1979,0,11.56,12.42,0,0
322.634,-7.286727,112.795918,0.02,-0.001,0.001,-0.25,-0.61,64.97,64.97,0.00,0.32,0,0.0,-0.07,0.00,0.99,0.18,-0.12,0.00,1979,0,11.67,12.43,0,0
322.734,-7.286727,112.795918,0.02,-0.000,0.001,-0.43,-0.55,64.97,64.97,0.00,0.24,0,0.0,-0.07,-0.01,0.99,-0.48,1.28,0.00,2040,0,11.83,12.50,0,0
322.834,-7.286727,112.795918,0.00,-0.000,0.001,-0.07,-0.31,64.96,64.96,0.00,0.32,0,0.0,-0.06,0.00,0.98,-0.12,-0.06,0.00,1979,0,11.75,12.47,0,0
322.934,-7.286727,112.795918,0.04,-0.000,0.000,-1.26,-0.67,64.96,64.96,0.00,0.32,0,0.0,-0.06,0.00,0.99,0.12,-0.12,0.00,1979,0,11.80,12.44,0,0
323.034,-7.286727,112.795918,0.01,-0.000,0.000,-0.43,-0.67,64.96,64.96,0.00,0.40,0,0.0,-0.06,0.00,0.99,0.42,-0.30,0.00,2040,0,11.78,12.43,0,0
323.134,-7.286727,112.795918,0.04,-0.000,0.000,-0.31,-0.61,64.96,64.96,0.00,0.40,0,0.0,-0.06,0.00,0.99,-0.24,0.18,0.00,1979,0,11.72,12.45,0,0
323.234,-7.286727,112.795918,0.01,-0.000,0.000,-0.43,-0.61,64.95,64.95,0.00,0.32,0,0.0,-0.07,-0.01,0.99,-0.36,0.30,0.00,1979,0,11.56,12.44,0,0
323.334,-7.286727,112.795918,0.06,-0.000,0.000,-0.19,-0.61,64.95,64.95,0.00,0.40,0,0.0,-0.06,0.00,0.98,0.67,-0.54,0.00,2040,0,11.68,12.47,0,0
323.434,-7.286726,112.795918,0.06,0.141,-0.302,-0.25,-0.55,64.95,64.95,0.00,0.32,0,0.0,-0.06,0.00,0.99,0.67,-0.30,0.00,2040,0,11.76,12.45,0,0
323.534,-7.286727,112.795918,0.06,-0.042,0.091,-0.25,-0.67,64.95,64.95,0.00,0.32,0,0.0,-0.07,0.00,0.99,-0.18,-0.36,0.00,1979,0,11.58,12.42,0,0
323.634,-7.286727,112.795918,0.06,-0.030,0.063,-0.31,-0.49,64.95,64.95,0.00,0.24,0,0.0,-0.08,0.01,0.97,0.00,-0.06,0.00,2040,0,11.60,12.37,0,0
323.734,-7.286727,112.795918,0.02,-0.021,0.044,-0.37,-0.13,64.95,64.95,0.00,0.32,0,0.0,-0.07,0.02,1.00,-2.19,2.31,0.12,1979,0,11.79,12.43,0,0
323.834,-7.286727,112.795918,0.06,-0.015,0.031,-0.61,-0.49,64.94,64.94,0.00,0.40,0,0.0,-0.06,0.00,0.96,-0.67,0.06,-0.06,2040,0,11.86,12.44,0,0
323.934,-7.286727,112.795918,0.05,-0.010,0.022,-0.49,-0.67,64.94,64.94,0.00,0.16,0,0.0,-0.06,0.00,0.98,0.00,-0.54,-0.12,2040,0,11.55,12.46,0,0
324.034,-7.286727,112.795918,0.04,-0.007,0.015,-0.61,-0.73,64.94,64.94,0.00,0.32,0,0.0,-0.07,-0.01,0.96,0.42,0.24,0.12,1979,0,11.74,12.39,0,0
324.134,-7.286727,112.795918,0.02,-0.005,0.011,-0.01,-0.67,64.94,64.94,0.00,0.40,0,0.0,-0.06,-0.01,0.99,-0.06,0.61,0.12,2040,0,11.78,12.44,0,0
324.234,-7.286727,112.795918,0.05,-0.003,0.007,-0.43,-1.02,64.93,64.93,0.00,0.32,0,0.0,-0.06,-0.02,1.01,-0.06,0.18,0.06,2040,0,11.79,12.42,0,0
324.334,-7.286727,112.795918,0.02,-0.002,0.005,-0.25,-0.43,64.93,64.93,0.00,0.24,0,0.0,-0.06,-0.01,0.99,0.24,-0.73,0.00,1979,0,11.74,12.43,0,0
324.434,-7.286727,112.795918,0.07,-0.002,0.004,-0.25,-0.43,64.92,64.92,0.00,0.40,0,0.0,-0.06,0.00,0.99,0.12,-0.18,0.00,2040,0,11.64,12.44,0,0
324.534,-7.286727,112.795918,0.02,-0.001,0.003,-0.37,-0.55,64.92,64.92,0.00,0.32,0,0.0,-0.07,-0.01,0.98,0.00,0.48,0.00,2040,0,11.75,12.44,0,0
324.634,-7.286727,112.795918,0.03,-0.001,0.002,-0.07,-0.19,64.92,64.92,0.00,0.32,0,0.0,-0.07,0.00,0.98,-0.12,0.24,0.00,1979,0,11.60,12.44,0,0
324.734,-7.286727,112.795918,0.01,-0.001,0.001,-0.61,-0.49,64.92,64.92,0.00,0.32,0,0.0,-0.07,-0.01,0.99,0.18,-0.48,0.00,2040,0,11.79,12.47,0,0
324.834,-7.286727,112.795918,0.06,-0.000,0.001,-0.61,-0.13,64.92,64.92,0.00,0.32,0,0.0,-0.07,0.00,0.98,0.18,-0.12,0.00,1979,0,11.77,12.44,0,0
324.934,-7.286727,112.795918,0.04,-0.000,0.001,-0.43,-0.55,64.92,64.92,0.00,0.32,0,0.0,-0.06,0.00,0.99,0.12,-0.24,0.00,2040,0,11.56,12.42,0,0
325.034,-7.286727,112.795918,0.04,-0.000,0.000,-0.19,-0.61,64.92,64.92,0.00,0.24,0,0.0,-0.07,0.00,0.99,0.36,-0.06,0.00,2040,0,11.67,12.43,0,0
325.134,-7.286727,112.795918,0.02,-0.000,0.000,-0.25,-0.61,64.92,64.92,0.00,0.32,0,0.0,-0.06,0.00,0.98,-0.24,0.36,0.00,1979,0,11.82,12.44,0,0
325.234,-7.286727,112.795918,0.07,-0.000,0.000,-0.19,-0.49,64.92,64.92,0.00,0.24,0,0.0,-0.07,0.00,0.99,-0.36,0.42,0.00,2040,0,11.84,12.37,0,0
325.334,-7.286727,112.795918,0.06,-0.000,0.000,-0.31,-1.32,64.92,64.92,0.00,0.32,0,0.0,-0.06,0.00,0.98,0.18,-0.42,0.00,2040,0,11.74,12.45,0,0
325.434,-7.286727,112.795918,0.04,-0.000,0.000,-0.49,-0.79,64.92,64.92,0.00,0.32,0,0.0,-0.06,0.00,0.99,0.30,-0.36,0.00,1979,0,11.79,12.44,0,0
325.534,-7.286727,112.795918,0.03,-0.000,0.000,-0.37,-0.43,64.92,64.92,0.00,0.32,0,0.0,-0.07,0.00,0.98,-0.18,0.54,0.00,2040,0,11.77,12.43,0,0
325.634,-7.286727,112.795918,0.04,-0.000,0.000,-0.25,-0.67,64.92,64.92,0.00,0.32,0,0.0,-0.06,0.00,0.98,-0.42,0.48,0.00,2040,0,11.67,12.45,0,0
325.734,-7.286727,112.795918,0.04,-0.000,0.000,-0.19,-0.61,64.92,64.92,0.00,0.40,0,0.0,-0.06,0.00,0.98,0.00,-0.24,0.00,1979,0,11.73,12.36,0,0
325.834,-7.286727,112.795918,0.05,-0.000,0.000,-0.25,-0.49,64.92,64.92,0.00,0.32,0,0.0,-0.07,0.00,0.99,-0.30,1.09,0.00,2040,0,11.76,12.50,0,0
325.934,-7.286727,112.795918,0.11,-0.000,0.000,-0.31,-0.73,64.92,64.92,0.00,0.32,0,0.0,-0.06,0.00,0.99,0.00,0.00,0.00,1979,0,11.64,12.44,0,0
326.034,-7.286727,112.795918,0.07,-0.000,0.000,-0.43,-0.85,64.92,64.92,0.00,0.24,0,0.0,-0.07,-0.01,0.98,-0.36,0.61,0.00,1979,0,11.79,12.44,0,0
326.134,-7.286727,112.795918,0.02,-0.000,0.000,-0.43,-0.79,64.92,64.92,0.00,0.32,0,0.0,-0.06,0.00,0.99,0.42,-0.67,0.00,2040,0,11.80,12.43,0,0
326.234,-7.286727,112.795918,0.09,-0.000,0.000,-0.13,-0.49,64.91,64.91,0.00,0.24,0,0.0,-0.06,0.00,0.99,0.18,-0.12,0.06,1979,0,11.56,12.47,0,0
326.334,-7.286727,112.795918,0.03,-0.000,0.000,-0.13,-0.67,64.91,64.91,0.00,0.24,0,0.0,-0.06,-0.01,0.98,-0.06,0.00,0.12,1979,0,11.79,12.44,0,0
326.434,-7.286727,112.795917,0.08,-0.300,-0.140,-0.13,-0.49,64.91,64.91,0.00,0.24,0,0.0,-0.06,0.00,0.99,-0.18,0.18,0.00,2040,0,11.73,12.43,0,0
326.534,-7.286727,112.795917,0.01,-0.210,-0.098,-0.25,-0.55,64.91,64.91,0.00,0.48,0,0.0,-0.06,-0.01,0.98,-0.18,0.00,0.00,1979,0,11.70,12.47,0,0
326.634,-7.286727,112.795917,0.01,-0.147,-0.069,-0.25,-0.61,64.91,64.91,0.00,0.40,0,0.0,-0.06,0.00,0.98,0.54,-0.67,0.00,2040,0,11.62,12.49,0,0
326.734,-7.286727,112.795917,0.06,-0.103,-0.048,-0.49,-0.61,64.91,64.91,0.00,0.24,0,0.0,-0.06,0.00,0.99,-0.06,0.06,0.00,2040,0,11.82,12.44,0,0
326.834,-7.286727,112.795917,0.05,-0.072,-0.034,-0.25,-0.49,64.91,64.91,0.00,0.24,0,0.0,-0.06,-0.01,0.98,-0.06,-0.36,0.00,1979,0,11.79,12.44,0,0
326.934,-7.286727,112.795917,0.05,-0.050,-0.024,-0.31,-0.61,64.91,64.91,0.00,0.48,0,0.0,-0.06,0.00,0.98,0.48,-0.54,0.00,1979,0,11.80,12.44,0,0
327.034,-7.286727,112.795917,0.01,-0.035,-0.017,-0.31,-0.55,64.91,64.91,0.00,0.32,0,0.0,-0.06,0.00,0.99,-0.24,0.12,0.00,2040,0,11.63,12.37,0,0
327.134,-7.286727,112.795917,0.07,-0.025,-0.012,-0.25,-0.61,64.91,64.91,0.00,0.32,0,0.0,-0.07,-0.01,0.97,-0.79,0.97,0.00,1979,0,11.76,12.47,0,0
327.234,-7.286727,112.795917,0.03,-0.017,-0.008,-0.49,-0.55,64.91,64.91,0.00,0.32,0,0.0,-0.07,0.00,0.99,-0.24,0.36,0.00,1979,0,11.60,12.50,0,0
327.334,-7.286727,112.795916,0.06,-0.312,-0.146,-0.61,-0.67,64.91,64.91,0.00,0.32,0,0.0,-0.07,0.00,0.99,-0.48,0.36,0.00,2040,0,11.60,12.42,0,0
327.434,-7.286728,112.795916,0.07,-0.360,0.200,-0.25,-0.67,64.91,64.91,0.00,0.48,0,0.0,-0.01,0.02,1.07,-2.44,0.48,-0.18,1979,0,11.80,12.39,0,0
327.534,-7.286728,112.795916,0.06,-0.252,0.140,-0.37,-0.43,64.90,64.90,0.00,0.32,0,0.0,-0.05,-0.01,1.04,-0.91,-0.24,-0.06,2040,0,11.72,12.49,0,0
327.634,-7.286727,112.795916,0.06,-0.035,-0.204,-0.55,-0.73,64.90,64.90,0.00,0.32,0,0.0,-0.08,-0.04,0.95,-0.91,1.15,0.00,1979,0,11.80,12.44,0,0
327.734,-7.286728,112.795916,0.06,-0.166,0.159,-0.31,-0.73,64.90,64.90,0.00,0.32,0,0.0,-0.08,-0.03,0.96,-0.12,-0.18,0.12,1979,0,11.70,12.45,0,0
327.834,-7.286728,112.795916,0.04,-0.116,0.111,-0.19,-0.61,64.90,64.90,0.00,-0.56,0,0.0,-0.06,-0.02,0.99,-0.06,-0.30,0.00,2040,0,11.81,12.45,0,0
327.934,-7.286728,112.795916,0.05,-0.081,0.078,0.39,1.28,64.89,64.89,0.00,0.40,0,0.0,-0.06,-0.01,1.00,0.42,-0.42,-0.06,2040,0,11.76,12.26,0,0
328.034,-7.286728,112.795916,0.06,-0.057,0.055,-1.14,-0.61,64.89,64.89,0.00,0.24,0,0.0,-0.06,-0.01,0.99,0.30,-0.12,-0.06,1979,0,11.80,12.44,0,0
328.134,-7.286728,112.795916,0.08,-0.040,0.038,-1.32,-0.49,64.89,64.89,0.00,0.32,0,0.0,-0.07,-0.02,0.98,-0.30,0.54,0.12,2040,0,11.72,12.37,0,0
328.234,-7.286729,112.795916,0.12,-0.169,0.329,-1.20,-0.49,64.89,64.89,0.00,0.32,0,0.0,-0.07,0.00,0.98,0.54,-0.30,0.00,2040,0,11.74,12.39,0,0
328.334,-7.286729,112.795916,0.07,-0.119,0.230,-1.02,-0.55,64.89,64.89,0.00,0.32,0,0.0,-0.06,0.00,0.99,0.30,0.00,0.00,1979,0,11.55,12.44,0,0
328.434,-7.286729,112.795916,0.03,-0.083,0.161,-1.08,-0.67,64.89,64.89,0.00,0.32,0,0.0,-0.07,-0.01,0.99,-0.18,0.79,0.00,1979,0,11.60,12.45,0,0
328.534,-7.286729,112.795916,0.09,-0.058,0.113,-1.26,-0.67,64.89,64.89,0.00,0.24,0,0.0,-0.06,0.00,0.99,0.67,-0.48,0.00,1979,0,11.81,12.44,0,0
328.634,-7.286729,112.795916,0.06,-0.041,0.079,-0.85,-0.85,64.89,64.89,0.00,0.32,0,0.0,-0.06,0.00,0.99,0.30,-0.18,0.00,1979,0,11.69,12.43,0,0
328.734,-7.286729,112.795916,0.08,-0.028,0.055,-1.02,-0.55,64.89,64.89,0.00,0.40,0,0.0,-0.07,0.00,0.98,-0.18,0.48,0.12,1979,0,11.74,12.47,0,0
328.834,-7.286729,112.795916,0.08,-0.020,0.039,-1.14,-0.61,64.89,64.89,0.00,0.32,0,0.0,-0.07,0.00,0.99,0.48,-0.73,0.00,1979,0,11.68,12.45,0,0
328.934,-7.286729,112.795916,0.02,-0.014,0.027,-0.85,-0.61,64.89,64.89,0.00,0.16,0,0.0,-0.07,0.00,0.99,0.00,0.06,0.00,1979,0,11.58,12.47,0,0
329.034,-7.286729,112.795916,0.01,-0.010,0.019,-1.26,-0.61,64.89,64.89,0.00,0.32,0,0.0,-0.07,-0.01,0.98,-0.54,1.09,0.18,1979,0,11.80,12.44,0,0
329.134,-7.286729,112.795916,0.03,-0.007,0.013,-1.14,-0.55,64.89,64.89,0.00,0.32,0,0.0,-0.06,0.00,0.99,0.12,-0.24,0.00,1979,0,11.68,12.44,0,0
329.234,-7.286729,112.795916,0.02,-0.005,0.009,-0.67,-0.67,64.89,64.89,0.00,0.32,0,0.0,-0.06,0.00,0.99,0.24,-0.54,0.00,1979,0,11.76,12.47,0,0
329.334,-7.286729,112.795916,0.01,-0.003,0.007,-0.79,-0.01,64.89,64.89,0.00,0.24,0,0.0,-0.06,0.00,0.99,0.42,-0.42,0.00,2040,0,11.60,12.36,0,0
329.434,-7.286729,112.795916,0.04,-0.002,0.005,-1.20,-0.61,64.89,64.89,0.00,0.16,0,0.0,-0.06,0.00,0.99,0.12,0.18,0.00,2040,0,11.63,12.42,0,0
329.534,-7.286729,112.795916,0.02,-0.002,0.003,-1.26,-0.55,64.89,64.89,0.00,0.24,0,0.0,-0.06,0.00,0.99,-0.36,0.61,0.00,1979,0,11.82,12.45,0,0
329.634,-7.286729,112.795916,0.04,-0.001,0.002,-0.73,-0.79,64.89,64.89,0.00,0.24,0,0.0,-0.06,0.00,0.99,0.18,-0.73,0.00,2040,0,11.79,12.44,0,0
329.734,-7.286729,112.795915,0.06,-0.300,-0.139,-1.08,-0.01,64.89,64.89,0.00,0.24,0,0.0,-0.06,0.00,0.98,-0.12,0.12,0.00,2040,0,11.77,12.46,0,0
329.834,-7.286729,112.795915,0.02,-0.210,-0.097,-0.97,-0.31,64.89,64.89,0.00,0.32,0,0.0,-0.06,0.00,0.99,0.61,-0.73,0.00,1979,0,11.73,12.37,0,0
329.934,-7.286729,112.795915,0.03,-0.147,-0.068,-1.08,-0.61,64.89,64.89,0.00,0.40,0,0.0,-0.06,0.00,0.99,0.30,-0.36,0.00,2040,0,11.67,12.44,0,0
330.034,-7.286729,112.795915,0.05,-0.103,-0.048,-1.38,-0.61,64.89,64.89,0.00,0.24,0,0.0,-0.06,-0.01,0.98,-0.36,0.85,0.00,2040,0,11.80,12.44,0,0
330.134,-7.286729,112.795915,0.03,-0.072,-0.033,-1.02,-0.79,64.89,64.89,0.00,0.32,0,0.0,-0.06,0.00,0.99,-0.18,0.00,0.00,1979,0,11.77,12.47,0,0
330.234,-7.286729,112.795915,0.03,-0.050,-0.023,-1.14,-0.37,64.89,64.89,0.00,0.40,0,0.0,-0.06,-0.01,0.98,0.00,-0.42,0.00,2040,0,11.80,12.44,0,0
330.334,-7.286729,112.795915,0.04,-0.035,-0.016,-0.67,-0.67,64.89,64.89,0.00,0.24,0,0.0,-0.06,0.00,0.99,0.85,-1.15,0.00,1979,0,11.79,12.44,0,0
330.434,-7.286729,112.795915,0.03,-0.025,-0.011,-0.91,-0.19,64.89,64.89,0.00,0.40,0,0.0,-0.06,0.00,1.00,-0.06,-0.06,0.00,2040,0,11.80,12.43,0,0
330.534,-7.286729,112.795915,0.00,-0.017,-0.008,-1.02,-0.49,64.89,64.89,0.00,0.32,0,0.0,-0.07,-0.01,0.98,-0.73,0.97,0.00,2040,0,11.61,12.39,0,0
330.634,-7.286729,112.795915,0.01,-0.012,-0.006,-1.08,-0.61,64.89,64.89,0.00,0.32,0,0.0,-0.07,0.00,0.98,0.48,-0.36,0.00,1979,0,11.73,12.45,0,0
330.734,-7.286729,112.795914,0.03,-0.308,-0.144,-1.02,-0.43,64.89,64.89,0.00,0.40,0,0.0,-0.07,0.00,0.98,0.48,-0.36,0.00,1979,0,11.78,12.47,0,0
330.834,-7.286729,112.795914,0.00,-0.216,-0.101,-0.91,-0.61,64.90,64.90,0.00,0.32,0,0.0,-0.06,0.00,0.99,-0.12,0.12,0.00,1800,0,11.73,12.37,0,0
330.934,-7.286728,112.795914,0.02,-0.009,-0.373,-1.02,-0.25,64.90,64.90,0.00,0.32,0,0.0,-0.06,0.00,0.99,0.00,-0.06,0.00,1559,0,11.83,12.49,0,0
331.034,-7.286728,112.795914,0.03,-0.007,-0.261,-0.97,-0.61,64.90,64.90,0.00,0.32,0,0.0,-0.06,0.00,0.99,0.06,0.00,0.00,1379,0,11.59,12.47,0,0
331.134,-7.286728,112.795914,0.02,-0.005,-0.183,-1.08,-0.49,64.90,64.90,0.00,-0.56,0,0.0,-0.06,0.00,0.99,0.00,0.00,0.00,1200,0,11.73,12.45,0,0
331.234,-7.286728,112.795914,0.02,-0.003,-0.128,-1.02,-0.85,64.90,64.90,0.00,-37.25,0,0.0,-0.06,0.00,0.99,-0.06,0.00,0.00,960,0,11.61,12.44,0,0
331.334,-7.286728,112.795914,0.00,-0.002,-0.090,-5.01,-5.12,64.90,64.90,0.00,-39.83,0,0.0,-0.06,0.00,0.99,0.00,0.00,0.00,779,0,11.81,12.12,0,0
331.434,-7.286728,112.795914,0.00,-0.002,-0.063,-32.86,-32.03,64.90,64.90,0.00,-39.75,0,0.0,-0.06,0.00,0.99,0.06,-0.06,0.00,539,0,11.80,12.44,0,0
331.534,-7.286728,112.795914,0.03,-0.001,-0.044,-40.59,-40.23,64.91,64.91,0.00,-39.83,0,0.0,-0.06,0.00,0.99,0.06,0.00,0.00,360,0,11.73,12.51,0,0
331.634,-7.286728,112.795914,0.02,-0.001,-0.031,-40.89,-41.00,64.91,64.91,0.00,-39.83,0,0.0,-0.06,0.00,0.99,0.00,0.00,0.00,180,0,11.74,12.44,0,0
331.734,-7.286728,112.795914,0.02,-0.001,-0.021,-40.89,-40.88,64.91,64.91,0.00,-39.83,0,0.0,-0.06,0.00,0.99,0.00,0.00,0.00,0,0,11.60,12.46,0,0
331.834,-7.286728,112.795914,0.01,-0.000,-0.015,-41.07,-41.00,64.91,64.91,0.00,-39.91,0,0.0,-0.06,0.00,0.99,0.00,0.00,0.00,0,0,11.62,12.43,0,0
331.934,-7.286728,112.795914,0.02,-0.000,-0.011,-40.89,-40.41,64.92,64.92,0.00,-39.91,0,0.0,-0.06,0.00,0.99,0.00,0.00,0.00,0,0,11.76,12.44,0,0
332.034,-7.286728,112.795913,0.01,-0.300,-0.148,-41.07,-40.94,64.92,64.92,0.00,-8.38,0,0.0,-0.06,0.00,0.99,0.00,0.00,0.00,0,0,11.67,12.43,0,0
332.134,-7.286729,112.795913,0.05,-0.351,0.199,-24.82,-25.91,64.92,64.92,0.00,0.24,0,0.0,-0.06,0.00,0.99,0.00,0.00,0.00,0,0,11.64,12.02,0,0
332.234,-7.286728,112.795913,0.05,-0.105,-0.163,-9.41,-9.10,64.92,64.92,0.00,0.40,0,0.0,-0.06,0.00,0.99,0.00,0.00,0.00,0,0,11.77,12.39,0,0
332.334,-7.286729,112.795913,0.02,-0.215,0.188,0.21,-0.37,64.92,64.92,0.00,0.48,0,0.0,-0.06,0.00,0.99,0.00,0.00,0.00,0,0,11.68,12.39,0,0
332.434,-7.286729,112.795913,0.05,-0.150,0.132,-0.37,-0.61,64.92,64.92,0.00,31.12,0,0.0,-0.06,0.00,0.99,0.00,0.00,0.00,0,0,11.73,12.43,0,0
332.534,-7.286729,112.795913,0.03,-0.105,0.092,16.76,15.60,64.93,64.93,0.00,40.00,0,0.0,-0.06,0.00,0.99,0.00,0.00,0.00,0,0,11.62,12.06,0,0
332.634,-7.286729,112.795913,0.04,-0.074,0.065,31.69,33.89,64.93,64.93,0.00,40.00,0,0.0,-0.06,0.00,0.99,0.00,0.00,0.00,0,0,11.81,12.43,0,0
332.734,-7.286729,112.795913,0.04,-0.052,0.045,39.25,39.06,64.93,64.93,0.00,40.00,0,0.0,-0.06,0.00,0.99,0.00,0.00,0.00,0,0,11.72,12.37,0,0
332.834,-7.286729,112.795912,0.06,-0.336,-0.109,39.31,39.60,64.94,64.94,0.00,40.00,0,0.0,-0.06,0.00,0.99,0.00,0.00,0.00,0,0,11.60,12.46,0,0
332.934,-7.286729,112.795912,0.03,-0.235,-0.076,39.25,39.24,64.94,64.94,0.00,40.00,0,0.0,-0.06,0.00,0.99,0.00,0.00,0.00,0,0,11.60,12.43,0,0
333.034,-7.286729,112.795912,0.00,-0.165,-0.053,39.48,39.42,64.94,64.94,0.00,40.00,0,0.0,-0.06,0.00,0.99,0.00,0.00,0.00,0,0,11.77,12.90,0,0
333.134,-7.286729,112.795912,0.04,-0.115,-0.037,39.43,39.30,64.94,64.94,0.00,40.00,0,0.0,-0.06,0.00,0.99,0.00,0.00,0.00,0,0,11.74,12.39,0,0
333.234,-7.286729,112.795912,0.04,-0.081,-0.026,39.48,39.30,64.94,64.94,0.00,40.00,0,0.0,-0.06,0.00,0.99,0.00,0.00,0.00,0,0,11.78,12.51,0,0
333.334,-7.286729,112.795912,0.04,-0.056,-0.018,39.31,39.12,64.94,64.94,0.00,37.33,0,0.0,-0.06,0.00,0.99,0.00,0.00,0.00,0,0,11.57,12.44,0,0
333.434,-7.286729,112.795912,0.03,-0.040,-0.013,38.83,39.24,64.94,64.94,0.00,2.01,0,0.0,-0.06,0.00,0.99,0.00,0.00,0.00,0,0,11.73,12.25,0,0
333.534,-7.286729,112.795912,0.03,-0.028,-0.009,33.06,31.76,64.94,64.94,0.00,0.48,0,0.0,-0.06,0.00,0.99,0.00,0.00,0.00,0,0,11.88,12.06,0,0
333.634,-7.286730,112.795912,0.02,-0.161,0.296,12.59,9.48,64.94,64.94,0.00,0.32,0,0.0,-0.06,0.00,0.99,0.00,0.00,0.00,0,0,11.92,11.86,0,0
333.734,-7.286730,112.795912,0.02,-0.112,0.207,0.93,0.51,64.94,64.94,0.00,-18.87,0,0.0,-0.06,0.00,0.99,0.00,0.00,0.00,0,0,11.85,12.42,0,0
333.834,-7.286730,112.795912,0.01,-0.079,0.145,-10.66,-10.05,64.94,64.94,0.00,-39.83,0,0.0,-0.06,0.00,0.99,0.00,0.00,0.00,0,0,11.80,12.43,0,0
333.934,-7.286730,112.795912,0.11,-0.055,0.102,-29.94,-29.83,64.95,64.95,0.00,-39.83,0,0.0,-0.06,0.00,0.99,0.00,0.00,0.00,0,0,11.80,12.45,0,0
334.034,-7.286730,112.795912,0.08,-0.039,0.071,-38.99,-40.11,64.95,64.95,0.00,-39.83,0,0.0,-0.06,0.00,0.99,0.00,0.00,0.00,0,0,11.67,12.35,0,0
334.134,-7.286730,112.795912,0.05,-0.027,0.050,-41.07,-41.06,64.95,64.95,0.00,-39.75,0,0.0,-0.06,0.00,0.99,0.00,0.00,0.00,0,0,11.79,12.45,0,0
334.234,-7.286730,112.795912,0.12,-0.019,0.035,-40.77,-41.06,64.95,64.95,0.00,-39.91,0,0.0,-0.06,0.00,0.99,0.00,0.00,0.00,0,0,11.58,12.44,0,0
334.334,-7.286730,112.795912,0.03,-0.013,0.024,-41.19,-41.36,64.95,64.95,0.00,-39.83,0,0.0,-0.06,0.00,0.99,0.00,0.00,0.00,0,0,11.77,12.47,0,0
334.434,-7.286730,112.795912,0.01,-0.009,0.017,-41.37,-41.06,64.95,64.95,0.00,-39.75,0,0.0,-0.06,0.00,0.99,0.00,0.00,0.00,0,0,11.75,12.44,0,0
334.534,-7.286730,112.795911,0.02,-0.306,-0.128,-41.07,-40.88,64.95,64.95,0.00,-39.83,0,0.0,-0.06,0.00,0.99,0.00,0.00,0.00,0,0,11.68,12.44,0,0
334.634,-7.286730,112.795911,0.01,-0.214,-0.090,-41.25,-41.06,64.95,64.95,0.00,-39.91,0,0.0,-0.06,0.00,0.99,0.00,0.00,0.00,0,0,11.83,12.47,0,0
334.734,-7.286730,112.795911,0.02,-0.150,-0.063,-41.07,-41.12,64.95,64.95,0.00,-22.74,0,0.0,-0.06,0.00,0.99,0.00,0.00,0.00,0,0,11.72,12.44,0,0
334.834,-7.286730,112.795911,0.04,-0.105,-0.044,-32.20,-31.73,64.95,64.95,0.00,0.32,0,0.0,-0.06,0.00,0.99,0.00,0.00,0.00,0,0,11.68,12.39,0,0
334.934,-7.286731,112.795911,0.02,-0.215,0.271,-12.39,-12.96,64.95,64.95,0.00,0.32,0,0.0,-0.06,0.00,0.99,0.00,0.00,0.00,0,0,11.75,12.39,0,0
335.034,-7.286731,112.795911,0.07,-0.150,0.190,-0.49,-0.61,64.95,64.95,0.00,0.40,0,0.0,-0.06,0.00,0.99,0.00,0.00,0.00,0,0,11.69,12.37,0,0
335.134,-7.286731,112.795911,0.01,-0.105,0.133,-0.73,-0.96,64.95,64.95,0.00,26.12,0,0.0,-0.06,0.00,0.99,0.00,0.00,0.00,0,0,11.60,12.42,0,0
335.234,-7.286731,112.795911,0.01,-0.074,0.093,16.52,17.68,64.95,64.95,0.00,40.00,0,0.0,-0.06,0.00,0.99,0.00,0.00,0.00,0,0,11.56,12.10,0,0
335.334,-7.286731,112.795911,0.06,-0.052,0.065,31.45,31.64,64.95,64.95,0.00,40.00,0,0.0,-0.06,0.00,0.99,-0.48,0.18,0.00,0,0,11.83,12.44,0,0
335.434,-7.286731,112.795911,0.04,-0.036,0.046,40.38,39.66,64.95,64.95,0.00,40.00,0,0.0,-0.06,-0.01,0.98,0.12,0.00,0.00,0,0,11.76,12.51,0,0
335.534,-7.286731,112.795911,0.08,-0.025,0.032,39.78,39.06,64.95,64.95,0.00,40.00,0,0.0,-0.06,0.00,0.99,0.18,-0.12,0.00,0,0,11.67,12.44,0,0
335.634,-7.286731,112.795911,0.09,-0.018,0.022,39.25,39.30,64.95,64.95,0.00,40.00,0,0.0,-0.06,0.00,0.99,-0.12,0.00,0.00,0,0,11.81,12.48,0,0
335.734,-7.286731,112.795911,0.03,-0.012,0.016,39.72,38.82,64.95,64.95,0.00,39.11,0,0.0,-0.06,0.00,0.99,0.00,0.00,0.00,0,0,11.75,12.44,0,0
335.834,-7.286731,112.795911,0.05,-0.009,0.011,40.14,39.60,64.95,64.95,0.00,-17.17,0,0.0,-0.06,0.00,0.99,0.06,0.00,0.00,0,0,11.73,12.32,0,0
335.934,-7.286731,112.795911,0.01,-0.006,0.008,35.44,32.88,64.95,64.95,0.00,0.56,0,0.0,-0.06,0.00,0.99,0.00,0.00,0.00,0,0,11.72,12.13,0,0
336.034,-7.286731,112.795911,0.02,-0.004,0.005,9.68,8.77,64.95,64.95,0.00,0.32,0,0.0,-0.06,0.00,0.99,0.00,0.00,0.00,0,0,11.60,12.35,0,0
336.134,-7.286731,112.795911,0.02,-0.003,0.004,1.11,1.16,64.95,64.95,0.00,-4.27,0,0.0,-0.06,0.00,0.99,-0.06,0.00,0.00,0,0,11.76,12.47,0,0
336.234,-7.286731,112.795911,0.02,-0.002,0.003,-4.00,-3.87,64.95,64.95,0.00,-32.90,0,0.0,-0.06,0.00,0.99,0.00,0.00,0.00,0,0,11.60,12.37,0,0
336.334,-7.286731,112.795911,0.00,-0.001,0.002,-8.58,-9.93,64.95,64.95,0.00,-39.91,0,0.0,-0.06,0.00,0.99,-0.06,0.00,0.00,0,0,11.73,12.10,0,0
336.434,-7.286731,112.795911,0.04,-0.001,0.001,-35.00,-32.62,64.95,64.95,0.00,-39.75,0,0.0,-0.06,0.00,0.99,0.00,0.00,0.00,0,0,11.94,12.14,0,0
336.534,-7.286731,112.795911,0.01,-0.001,0.001,-40.47,-40.64,64.95,64.95,0.00,-39.83,0,0.0,-0.06,0.00,0.99,0.00,0.00,0.00,0,0,11.81,12.51,0,0
336.634,-7.286731,112.795910,0.01,-0.300,-0.139,-40.89,-40.82,64.95,64.95,0.00,-39.75,0,0.0,-0.06,0.00,0.99,0.00,0.00,0.00,0,0,11.69,12.47,0,0
336.734,-7.286731,112.795910,0.04,-0.210,-0.098,-40.95,-41.00,64.95,64.95,0.00,-39.75,0,0.0,-0.06,0.00,0.99,0.00,0.00,0.00,0,0,11.82,12.47,0,0
336.834,-7.286731,112.795910,0.00,-0.147,-0.068,-40.95,-41.00,64.95,64.95,0.00,-39.83,0,0.0,-0.06,0.00,0.99,0.00,0.00,0.00,0,0,11.72,12.43,0,0
336.934,-7.286732,112.795910,0.03,-0.244,0.254,-40.83,-41.42,64.95,64.95,0.00,-39.83,0,0.0,-0.06,0.00,0.99,0.00,0.00,0.00,0,0,11.58,12.44,0,0
337.034,-7.286732,112.795910,0.06,-0.171,0.178,-41.01,-41.00,64.95,64.95,0.00,-39.83,0,0.0,-0.06,0.00,0.99,0.00,0.00,0.00,0,0,11.79,12.47,0,0
337.134,-7.286732,112.795910,0.03,-0.120,0.125,-41.13,-41.00,64.95,64.95,0.00,-39.91,0,0.0,-0.06,0.00,0.99,0.00,0.00,0.00,0,0,11.76,12.47,0,0
337.234,-7.286732,112.795910,0.01,-0.084,0.087,-41.07,-41.18,64.95,64.95,0.00,-39.83,0,0.0,-0.06,0.00,0.99,0.00,0.00,0.00,0,0,11.54,12.44,0,0
337.334,-7.286732,112.795910,0.04,-0.059,0.061,-40.89,-40.94,64.96,64.96,0.00,-39.83,0,0.0,-0.06,0.00,0.99,0.00,0.00,0.00,0,0,11.56,12.44,0,0
337.434,-7.286732,112.795910,0.03,-0.041,0.043,-40.89,-40.94,64.96,64.96,0.00,-39.83,0,0.0,-0.06,0.00,0.99,0.00,0.00,0.00,0,0,11.67,12.44,0,0
337.534,-7.286732,112.795910,0.06,-0.029,0.030,-40.95,-41.06,64.96,64.96,0.00,-39.67,0,0.0,-0.06,0.00,0.99,0.00,0.00,0.00,0,0,11.80,12.47,0,0
337.634,-7.286732,112.795910,0.05,-0.020,0.021,-40.59,-41.42,64.96,64.96,0.00,-39.83,0,0.0,-0.06,0.00,0.99,0.00,0.00,0.00,0,0,11.55,12.47,0,0
337.734,-7.286732,112.795910,0.03,-0.014,0.015,-40.89,-41.06,64.96,64.96,0.00,-39.91,0,0.0,-0.06,0.00,0.99,0.00,0.00,0.00,0,0,11.60,12.47,0,0
337.834,-7.286732,112.795910,0.03,-0.010,0.010,-40.59,-41.12,64.96,64.96,0.00,-39.83,0,0.0,-0.06,0.00,0.99,0.00,0.00,0.00,0,0,11.81,12.42,0,0
337.934,-7.286733,112.795910,0.04,-0.148,0.309,-40.83,-40.52,64.96,64.96,0.00,-39.75,0,0.0,-0.06,0.00,0.99,0.00,0.00,0.00,0,0,11.63,12.50,0,0
338.034,-7.286732,112.795910,0.02,0.038,-0.086,-40.89,-40.94,64.96,64.96,0.00,-39.83,0,0.0,-0.06,0.00,0.99,0.00,0.00,0.00,0,0,11.78,12.43,0,0
338.134,-7.286732,112.795909,0.08,-0.274,-0.200,-41.01,-40.64,64.96,64.96,0.00,-39.91,0,0.0,-0.06,0.00,0.99,0.00,0.00,0.00,0,0,11.67,12.44,0,0
338.234,-7.286733,112.795910,0.01,-0.033,0.302,-41.01,-41.24,64.96,64.96,0.00,-39.83,0,0.0,-0.06,0.00,0.99,0.00,0.00,0.00,0,0,11.76,12.47,0,0
338.334,-7.286733,112.795910,0.06,-0.023,0.212,-40.95,-40.94,64.96,64.96,0.00,-39.83,0,0.0,-0.06,0.00,0.99,0.00,0.00,0.00,0,0,11.64,12.45,0,0
338.434,-7.286733,112.795910,0.07,-0.016,0.148,-41.01,-40.94,64.96,64.96,0.00,-39.83,0,0.0,-0.06,0.00,0.99,0.00,0.00,0.00,0,0,11.69,12.43,0,0
338.534,-7.286733,112.795910,0.05,-0.011,0.104,-40.95,-40.94,64.96,64.96,0.00,-39.83,0,0.0,-0.06,0.00,0.99,0.00,0.00,0.00,0,0,11.67,12.43,0,0
338.634,-7.286733,112.795910,0.03,-0.008,0.073,-40.71,-40.94,64.96,64.96,0.00,-39.75,0,0.0,-0.06,0.00,0.99,0.00,0.00,0.00,0,0,11.83,12.43,0,0
338.734,-7.286733,112.795910,0.03,-0.006,0.051,-41.07,-40.82,64.96,64.96,0.00,-39.75,0,0.0,-0.06,0.00,0.99,0.00,0.00,0.00,0,0,11.67,12.47,0,0
338.834,-7.286733,112.795910,0.02,-0.004,0.036,-40.95,-40.94,64.96,64.96,0.00,-39.91,0,0.0,-0.06,0.00,0.98,0.00,0.00,0.00,0,0,11.75,12.44,0,0
338.934,-7.286733,112.795910,0.08,-0.003,0.025,-40.95,-40.88,64.96,64.96,0.00,-39.91,0,0.0,-0.06,0.00,0.99,0.00,0.00,0.00,0,0,11.74,12.42,0,0
339.034,-7.286733,112.795910,0.05,-0.002,0.017,-41.07,-41.00,64.96,64.96,0.00,-40.00,0,0.0,-0.06,0.00,0.99,0.00,0.00,0.00,0,0,11.56,12.49,0,0
339.134,-7.286733,112.795910,0.04,-0.001,0.012,-41.07,-41.12,64.96,64.96,0.00,-39.83,0,0.0,-0.06,0.00,0.99,0.00,0.00,0.00,0,0,11.82,12.39,0,0
339.234,-7.286734,112.795910,0.04,-0.142,0.311,-41.01,-40.88,64.96,64.96,0.00,-39.83,0,0.0,-0.06,0.00,0.99,0.00,0.00,0.00,0,0,11.97,12.43,0,0
339.334,-7.286734,112.795910,0.01,-0.099,0.218,-40.95,-40.82,64.96,64.96,0.00,-39.83,0,0.0,-0.06,0.00,0.99,0.00,0.00,0.00,0,0,11.60,12.47,0,0
339.434,-7.286734,112.795910,0.06,-0.070,0.152,-40.95,-41.00,64.96,64.96,0.00,-39.75,0,0.0,-0.06,0.00,0.99,0.00,0.00,0.00,0,0,11.68,12.45,0,0
339.534,-7.286734,112.795910,0.02,-0.049,0.107,-41.01,-41.00,64.96,64.96,0.00,-39.75,0,0.0,-0.06,0.00,0.99,0.00,0.00,0.00,0,0,11.68,12.44,0,0
339.634,-7.286734,112.795910,0.02,-0.034,0.075,-41.07,-40.88,64.96,64.96,0.00,-23.06,0,0.0,-0.06,0.00,0.99,0.00,0.00,0.00,0,0,11.56,12.43,0,0
339.734,-7.286734,112.795910,0.01,-0.024,0.052,-31.96,-31.44,64.96,64.96,0.00,0.24,0,0.0,-0.06,0.00,0.99,0.00,0.00,0.00,0,0,11.59,12.44,0,0
339.834,-7.286734,112.795910,0.02,-0.017,0.037,-12.75,-11.83,64.96,64.96,0.00,0.24,0,0.0,-0.06,0.00,0.99,0.00,0.00,0.00,0,0,11.58,12.39,0,0
339.934,-7.286734,112.795911,0.02,0.288,0.166,-0.55,-0.37,64.96,64.96,0.00,0.24,0,0.0,-0.06,0.00,0.99,0.00,0.00,0.00,0,0,11.77,12.36,0,0
340.034,-7.286734,112.795911,0.02,0.202,0.116,-0.79,-0.61,64.96,64.96,0.00,0.24,0,0.0,-0.06,0.00,0.99,0.00,0.00,0.00,0,0,11.69,12.50,0,0
340.134,-7.286734,112.795911,0.04,0.141,0.081,-0.79,-0.73,64.96,64.96,0.00,-18.70,0,0.0,-0.06,0.00,0.99,0.00,0.00,0.00,0,0,11.60,12.44,0,0
340.234,-7.286734,112.795911,0.05,0.099,0.057,-8.40,-9.04,64.96,64.96,0.00,-39.83,0,0.0,-0.06,0.00,0.99,0.00,0.00,0.00,0,0,11.69,12.34,0,0
340.334,-7.286734,112.795911,0.04,0.069,0.040,-27.44,-28.17,64.96,64.96,0.00,-39.83,0,0.0,-0.06,0.00,0.99,0.00,0.00,0.00,0,0,11.74,12.66,0,0
340.434,-7.286734,112.795911,0.02,0.048,0.028,-39.94,-39.28,64.96,64.96,0.00,-39.91,0,0.0,-0.06,0.00,0.99,0.00,0.00,0.00,0,0,11.79,12.42,0,0
340.534,-7.286734,112.795911,0.03,0.034,0.019,-41.19,-41.12,64.96,64.96,0.00,-39.83,0,0.0,-0.06,0.00,0.99,0.00,0.00,0.00,0,0,11.79,12.53,0,0
340.634,-7.286734,112.795911,0.01,0.024,0.014,-41.01,-40.94,64.96,64.96,0.00,-39.83,0,0.0,-0.06,0.00,0.99,0.00,0.00,0.00,0,0,11.69,12.43,0,0
340.734,-7.286734,112.795911,0.05,0.017,0.010,-40.95,-40.70,64.96,64.96,0.00,-28.70,0,0.0,-0.06,0.00,0.99,0.00,0.00,0.00,0,0,11.76,12.44,0,0
340.834,-7.286734,112.795911,0.02,0.012,0.007,-33.27,-32.98,64.96,64.96,0.00,0.32,0,0.0,-0.07,0.00,0.99,0.00,0.00,0.00,0,0,11.78,12.44,0,0
340.934,-7.286734,112.795911,0.01,0.008,0.005,-13.70,-13.85,64.96,64.96,0.00,0.24,0,0.0,-0.07,0.00,0.98,0.00,0.00,0.00,0,0,11.59,12.20,0,0
341.034,-7.286734,112.795911,0.02,0.006,0.003,-0.85,-0.13,64.96,64.96,0.00,26.93,0,0.0,-0.07,0.00,0.99,0.00,0.00,0.00,0,0,11.66,12.39,0,0
341.134,-7.286734,112.795911,0.02,0.004,0.002,16.99,15.78,64.96,64.96,0.00,40.00,0,0.0,-0.06,0.00,0.99,0.00,0.00,0.00,0,0,11.70,12.05,0,0
341.234,-7.286734,112.795912,0.03,0.303,0.142,33.30,32.41,64.96,64.96,0.00,40.00,0,0.0,-0.06,0.00,0.99,0.00,0.00,0.00,0,0,11.68,12.39,0,0
341.334,-7.286734,112.795912,0.00,0.212,0.099,38.83,40.13,64.96,64.96,0.00,-27.09,0,0.0,-0.06,0.00,0.99,0.00,0.00,0.00,0,0,11.75,12.47,0,0
341.434,-7.286734,112.795912,0.05,0.148,0.069,37.16,36.45,64.96,64.96,0.00,3.46,0,0.0,-0.06,0.00,0.98,0.00,0.00,0.00,0,0,11.94,12.01,0,0
341.534,-7.286734,112.795912,0.05,0.104,0.049,12.47,10.97,64.96,64.96,0.00,0.32,0,0.0,-0.06,0.00,0.99,0.00,0.00,0.00,0,0,11.70,12.44,0,0
341.634,-7.286734,112.795912,0.02,0.073,0.034,0.93,0.75,64.96,64.96,0.00,0.32,0,0.0,-0.06,0.00,0.99,0.00,0.00,0.00,0,0,11.82,12.42,0,0
341.734,-7.286734,112.795912,0.03,0.051,0.024,-0.55,-0.61,64.96,64.96,0.00,0.32,0,0.0,-0.06,0.00,0.99,0.00,0.00,0.00,0,0,11.64,12.36,0,0
341.834,-7.286734,112.795912,0.02,0.036,0.017,-0.49,-0.37,64.96,64.96,0.00,-4.59,0,0.0,-0.06,0.00,0.99,0.00,0.00,0.00,0,0,11.67,12.50,0,0
341.934,-7.286734,112.795912,0.03,0.025,0.012,-2.27,-3.34,64.96,64.96,0.00,-39.83,0,0.0,-0.06,0.00,0.99,0.00,0.00,0.00,0,0,11.80,12.49,0,0
342.034,-7.286734,112.795912,0.02,0.017,0.008,-10.43,-9.87,64.96,64.96,0.00,-39.75,0,0.0,-0.06,0.00,0.99,0.00,0.00,0.00,0,0,11.81,12.12,0,0
342.134,-7.286734,112.795912,0.06,0.012,0.006,-33.45,-38.09,64.96,64.96,0.00,-24.67,0,0.0,-0.06,0.00,0.99,0.00,0.00,0.00,0,0,11.68,12.50,0,0
342.234,-7.286734,112.795912,0.01,0.009,0.004,-33.33,-31.38,64.96,64.96,0.00,0.32,0,0.0,-0.06,0.00,0.99,0.00,0.00,0.00,0,0,11.73,12.11,0,0
342.334,-7.286734,112.795912,0.05,0.006,0.003,-14.06,-12.55,64.96,64.96,0.00,0.24,0,0.0,-0.06,0.00,0.99,0.00,0.00,0.00,0,0,11.81,12.37,0,0
342.434,-7.286735,112.795912,0.04,-0.137,0.304,0.04,-0.79,64.96,64.96,0.00,13.87,0,0.0,-0.06,0.00,0.99,0.00,0.00,0.00,0,0,11.74,12.37,0,0
342.534,-7.286735,112.795912,0.01,-0.096,0.213,11.58,12.27,64.96,64.96,0.00,18.38,0,0.0,-0.06,0.00,0.99,0.00,0.00,0.00,0,0,11.63,12.19,0,0
342.634,-7.286735,112.795913,0.02,0.233,0.289,17.65,17.14,64.96,64.96,0.00,1.29,0,0.0,-0.06,0.00,0.99,0.00,0.00,0.00,0,0,11.83,12.43,0,0
342.734,-7.286735,112.795913,0.04,0.163,0.202,10.09,9.72,64.96,64.96,0.00,0.24,0,0.0,-0.06,0.00,0.99,0.00,0.00,0.00,0,0,11.68,12.42,0,0
342.834,-7.286735,112.795913,0.06,0.114,0.142,0.63,0.81,64.96,64.96,0.00,0.32,0,0.0,-0.07,0.00,0.99,0.00,0.00,0.00,0,0,11.60,12.36,0,0
342.934,-7.286735,112.795913,0.07,0.080,0.099,-0.55,-0.37,64.96,64.96,0.00,0.32,0,0.0,-0.06,0.00,0.99,0.00,0.00,0.00,0,0,11.81,12.44,0,0
343.034,-7.286735,112.795913,0.03,0.056,0.069,-0.07,-0.37,64.96,64.96,0.00,0.24,0,0.0,-0.06,0.00,0.99,0.00,0.00,0.00,0,0,11.82,12.47,0,0
343.134,-7.286735,112.795913,0.05,0.039,0.049,-0.55,-0.49,64.96,64.96,0.00,0.24,0,0.0,-0.06,0.00,0.99,0.00,0.00,0.00,0,0,11.74,12.43,0,0
343.234,-7.286735,112.795913,0.01,0.027,0.034,-0.43,-0.43,64.96,64.96,0.00,0.48,0,0.0,-0.06,0.00,0.99,0.00,0.00,0.00,0,0,11.77,12.43,0,0
343.334,-7.286735,112.795913,0.01,0.019,0.024,-0.49,-0.73,64.96,64.96,0.00,0.40,0,0.0,-0.06,0.00,0.99,0.00,0.00,0.00,0,0,11.68,12.44,0,0
343.434,-7.286735,112.795913,0.03,0.013,0.017,-0.49,-0.49,64.96,64.96,0.00,0.40,0,0.0,-0.06,0.00,0.99,0.00,0.00,0.00,0,0,11.73,12.46,0,0
343.534,-7.286735,112.795913,0.02,0.009,0.012,-0.37,-0.49,64.96,64.96,0.00,0.24,0,0.0,-0.06,0.00,0.99,0.00,0.00,0.00,0,0,11.81,12.47,0,0
343.634,-7.286735,112.795913,0.03,0.007,0.008,-0.49,-0.73,64.96,64.96,0.00,0.32,0,0.0,-0.06,0.00,0.99,0.00,0.00,0.00,0,0,11.76,12.47,0,0
343.734,-7.286736,112.795914,0.01,0.163,0.448,-0.43,-0.19,64.96,64.96,0.00,0.32,0,0.0,-0.06,0.00,0.99,0.00,0.00,0.00,0,0,11.81,12.50,0,0
343.834,-7.286736,112.795914,0.01,0.114,0.314,-0.43,-0.37,64.96,64.96,0.00,0.32,0,0.0,-0.06,0.00,0.99,0.00,0.00,0.00,0,0,11.69,12.44,0,0
343.934,-7.286736,112.795914,0.04,0.080,0.220,-0.55,-0.25,64.96,64.96,0.00,0.32,0,0.0,-0.06,0.00,0.99,0.00,0.00,0.00,0,0,11.67,12.39,0,0
344.034,-7.286736,112.795914,0.04,0.056,0.154,-0.55,-0.49,64.96,64.96,0.00,0.32,0,0.0,-0.06,0.00,0.99,0.00,0.00,0.00,0,0,11.79,12.44,0,0
344.134,-7.286736,112.795914,0.02,0.039,0.108,-0.37,-0.43,64.96,64.96,0.00,0.24,0,0.0,-0.06,0.00,0.99,0.00,0.00,0.00,0,0,11.62,12.47,0,0
344.234,-7.286736,112.795914,0.05,0.027,0.075,-0.55,0.15,64.96,64.96,0.00,0.40,0,0.0,-0.07,0.00,0.99,0.00,0.00,0.00,0,0,11.64,12.17,0,0
344.334,-7.286736,112.795914,0.04,0.019,0.053,-0.55,-0.43,64.96,64.96,0.00,0.24,0,0.0,-0.06,0.00,0.99,0.00,0.00,0.00,0,0,11.60,12.46,0,0
344.434,-7.286736,112.795914,0.03,0.013,0.037,-0.49,-0.55,64.96,64.96,0.00,0.32,0,0.0,-0.06,0.00,0.99,0.00,0.00,0.00,0,0,11.60,12.43,0,0
344.534,-7.286736,112.795914,0.02,0.009,0.026,-0.61,-0.49,64.96,64.96,0.00,0.32,0,0.0,-0.06,0.00,0.99,0.00,0.00,0.00,0,0,11.85,12.47,0,0
344.634,-7.286737,112.795914,0.04,-0.135,0.320,-0.61,-0.49,64.96,64.96,0.00,0.40,0,0.0,-0.06,0.00,0.99,0.00,0.00,0.00,0,0,11.73,12.47,0,0
344.734,-7.286737,112.795914,0.03,-0.094,0.224,-0.55,-0.49,64.96,64.96,0.00,0.40,0,0.0,-0.06,0.00,0.98,0.00,0.00,0.00,0,0,11.80,12.47,0,0
344.834,-7.286737,112.795914,0.00,-0.066,0.157,-0.55,-0.49,64.96,64.96,0.00,0.32,0,0.0,-0.06,0.00,0.98,0.00,0.00,0.00,0,0,11.76,12.42,0,0
344.934,-7.286737,112.795914,0.02,-0.046,0.110,-0.49,-0.61,64.96,64.96,0.00,0.32,0,0.0,-0.06,0.00,0.99,0.00,0.00,0.00,0,0,11.70,12.39,0,0
345.034,-7.286737,112.795914,0.01,-0.032,0.077,-0.25,-0.37,64.96,64.96,0.00,0.40,0,0.0,-0.06,0.00,0.99,0.00,0.00,0.00,0,0,11.82,12.47,0,0
345.134,-7.286737,112.795915,0.03,0.277,0.194,-0.43,-0.37,64.96,64.96,0.00,0.24,0,0.0,-0.06,0.00,0.99,0.00,0.00,0.00,0,0,11.31,12.50,0,0
345.234,-7.286737,112.795915,0.02,0.194,0.136,-0.49,-0.55,64.96,64.96,0.00,0.32,0,0.0,-0.06,0.00,0.99,0.00,0.00,0.00,0,0,11.60,12.44,0,0
345.334,-7.286737,112.795915,0.09,0.136,0.095,-0.55,-0.49,64.96,64.96,0.00,0.24,0,0.0,-0.07,0.00,0.99,0.18,-0.12,0.00,0,0,11.57,12.47,0,0
345.434,-7.286737,112.795915,0.02,0.095,0.067,-0.61,-0.55,64.96,64.96,0.00,0.24,0,0.0,-0.08,0.00,0.98,0.24,-0.06,0.00,0,0,11.78,12.47,0,0
345.534,-7.286737,112.795915,0.07,0.067,0.047,-0.25,-0.31,64.96,64.96,0.00,0.32,0,0.0,-0.07,0.00,0.98,0.24,-0.06,0.00,0,0,11.76,12.38,0,0
345.634,-7.286737,112.795915,0.09,0.047,0.033,-0.49,-0.55,64.96,64.96,0.00,0.32,0,0.0,-0.06,0.00,0.99,0.06,0.00,0.00,0,0,11.74,12.45,0,0
345.734,-7.286737,112.795915,0.02,0.033,0.023,-0.55,-0.43,64.96,64.96,0.00,0.32,0,0.0,-0.06,0.00,0.99,-0.06,0.06,0.00,0,0,11.57,12.47,0,0
345.834,-7.286737,112.795915,0.01,0.023,0.016,-0.43,-0.43,64.96,64.96,0.00,0.24,0,0.0,-0.06,0.00,0.99,0.00,0.06,0.00,0,0,11.58,12.42,0,0
345.934,-7.286737,112.795915,0.03,0.016,0.011,-0.55,-0.43,64.96,64.96,0.00,0.32,0,0.0,-0.06,0.00,0.98,-0.06,0.00,0.00,0,0,11.77,12.44,0,0
346.034,-7.286737,112.795915,0.01,0.011,0.008,-0.55,-0.31,64.96,64.96,0.00,0.32,0,0.0,-0.06,0.00,1.00,-0.67,-0.24,0.00,0,0,11.81,12.45,0,0
346.134,-7.286737,112.795915,0.05,0.008,0.005,-0.49,-0.43,64.96,64.96,0.00,0.40,0,0.0,-0.06,-0.01,1.01,-0.48,0.12,0.00,0,0,11.81,12.47,0,0
346.234,-7.286737,112.795915,0.14,0.005,0.004,-0.55,-0.49,64.96,64.96,0.00,0.32,0,0.0,-0.07,-0.03,0.98,-0.06,0.18,0.00,0,0,11.81,12.49,0,0
346.334,-7.286737,112.795915,0.06,0.004,0.003,-0.55,-0.67,64.96,64.96,0.00,0.24,0,0.0,-0.07,-0.02,0.97,0.61,-0.12,0.00,0,0,11.61,12.43,0,0
346.434,-7.286737,112.795915,0.03,0.003,0.002,-0.55,-0.49,64.96,64.96,0.00,0.24,0,0.0,-0.06,-0.01,0.99,0.42,0.00,0.00,0,0,11.74,12.47,0,0
346.534,-7.286737,112.795915,0.02,0.002,0.001,-0.49,-0.43,64.96,64.96,0.00,0.32,0,0.0,-0.06,-0.01,0.99,0.36,0.06,0.00,0,0,11.59,12.44,0,0
346.634,-7.286737,112.795915,0.05,0.001,0.001,-0.55,-0.43,64.96,64.96,0.00,0.32,0,0.0,-0.06,0.00,0.99,0.36,0.00,0.00,0,0,11.69,12.44,0,0
346.734,-7.286738,112.795915,0.04,-0.140,0.303,-0.49,-0.43,64.96,64.96,0.00,0.16,0,0.0,-0.07,0.00,0.98,0.24,-0.06,0.00,0,0,11.72,12.38,0,0
346.834,-7.286738,112.795915,0.03,-0.098,0.212,-0.61,-0.25,64.96,64.96,0.00,0.32,0,0.0,-0.05,0.00,0.96,0.00,0.30,0.00,0,0,11.68,12.44,0,0
346.934,-7.286738,112.795915,0.02,-0.069,0.148,-0.55,-0.43,64.95,64.95,0.00,0.24,0,0.0,-0.05,0.03,1.01,0.06,-1.89,-0.24,0,0,11.80,12.47,0,0
347.034,-7.286738,112.795915,0.05,-0.048,0.104,-0.43,-0.31,64.95,64.95,0.00,0.24,0,0.0,-0.08,0.03,1.02,-1.28,-1.09,-0.30,0,0,11.77,12.44,0,0
347.134,-7.286738,112.795915,0.02,-0.034,0.073,-0.61,-0.37,64.94,64.94,0.00,0.32,0,0.0,-0.08,0.01,1.01,-2.07,0.18,-0.24,0,0,11.74,12.39,0,0
347.234,-7.286738,112.795915,0.05,-0.024,0.051,-0.55,-0.43,64.94,64.94,0.00,0.24,0,0.0,-0.07,0.00,0.98,-1.15,0.61,0.00,0,0,11.67,12.47,0,0
347.334,-7.286738,112.795915,0.06,-0.017,0.036,-0.67,-0.43,64.93,64.93,0.00,0.24,0,0.0,-0.07,-0.02,0.97,-0.54,0.18,0.00,0,0,11.81,12.46,0,0
347.434,-7.286738,112.795915,0.10,-0.012,0.025,-0.31,-0.55,64.92,64.92,0.00,0.24,0,0.0,-0.06,-0.01,0.98,0.00,-0.12,0.00,0,0,11.64,12.47,0,0
347.534,-7.286738,112.795915,0.12,-0.008,0.017,-0.49,-0.49,64.92,64.92,0.00,0.32,0,0.0,-0.06,-0.01,0.99,0.00,-0.18,0.06,0,0,11.80,12.39,0,0
347.634,-7.286738,112.795915,0.02,-0.006,0.012,-0.49,-0.55,64.91,64.91,0.00,0.32,0,0.0,-0.06,-0.01,0.99,-0.12,0.00,0.00,0,0,11.80,12.44,0,0
347.734,-7.286738,112.795915,0.02,-0.004,0.009,-0.49,-0.37,64.91,64.91,0.00,0.32,0,0.0,-0.06,-0.01,0.99,0.00,0.00,0.00,0,0,11.62,12.42,0,0
347.834,-7.286738,112.795915,0.06,-0.003,0.006,-0.43,-0.43,64.91,64.91,0.00,0.32,0,0.0,-0.07,-0.01,0.98,0.18,0.00,0.00,0,0,11.83,12.44,0,0
347.934,-7.286738,112.795915,0.02,-0.002,0.004,-0.49,-0.37,64.91,64.91,0.00,0.40,0,0.0,-0.07,0.00,0.98,0.24,-0.12,0.00,0,0,11.80,12.47,0,0
348.034,-7.286738,112.795915,0.06,-0.001,0.003,-0.49,-0.49,64.91,64.91,0.00,0.40,0,0.0,-0.06,0.00,0.99,0.12,-0.06,0.00,0,0,11.78,12.42,0,0
348.134,-7.286738,112.795915,0.04,-0.001,0.002,-0.43,-0.37,64.91,64.91,0.00,0.16,0,0.0,-0.06,0.00,0.99,0.00,0.00,0.00,0,0,11.81,12.43,0,0
348.234,-7.286738,112.795914,0.01,-0.300,-0.139,-0.49,-0.43,64.90,64.90,0.00,0.24,0,0.0,-0.07,0.00,0.98,0.12,-0.06,0.00,0,0,11.68,12.44,0,0
348.334,-7.286737,112.795914,0.06,-0.069,-0.399,-0.31,-0.43,64.90,64.90,0.00,0.32,0,0.0,-0.06,0.00,0.99,0.06,-0.06,0.00,0,0,11.62,12.44,0,0
348.434,-7.286737,112.795914,0.02,-0.048,-0.280,-0.25,-0.55,64.90,64.90,0.00,0.16,0,0.0,-0.06,0.00,0.99,0.12,0.00,0.00,0,0,11.74,12.44,0,0
348.534,-7.286737,112.795914,0.01,-0.034,-0.196,-0.31,-0.31,64.90,64.90,0.00,0.40,0,0.0,-0.06,0.00,0.99,0.06,0.00,0.00,0,0,11.72,12.44,0,0
348.634,-7.286736,112.795914,0.02,0.118,-0.439,-0.55,-0.31,64.90,64.90,0.00,0.40,0,0.0,-0.07,0.00,0.99,0.00,0.00,0.00,0,0,11.82,12.47,0,0
348.734,-7.286736,112.795914,0.05,0.083,-0.307,-0.49,-0.31,64.90,64.90,0.00,0.32,0,0.0,-0.06,0.00,0.99,-0.06,0.00,0.00,0,0,11.62,12.46,0,0
348.834,-7.286736,112.795914,0.06,0.058,-0.215,-1.32,-0.90,64.90,64.90,0.00,0.40,0,0.0,-0.06,0.00,0.99,0.00,0.00,0.00,0,0,11.79,12.50,0,0
348.934,-7.286736,112.795914,0.09,0.040,-0.151,-0.61,-0.61,64.90,64.90,0.00,0.40,0,0.0,-0.06,0.00,0.99,0.00,0.00,0.00,0,0,11.74,12.47,0,0
349.034,-7.286736,112.795913,0.08,-0.271,-0.246,-0.67,-0.55,64.89,64.89,0.00,0.40,0,0.0,-0.06,0.00,0.99,0.00,0.00,0.00,0,0,11.62,12.44,0,0
349.134,-7.286735,112.795913,0.01,-0.048,-0.474,-0.55,-0.49,64.89,64.89,0.00,0.40,0,0.0,-0.06,0.00,0.99,0.00,0.00,0.00,0,0,11.78,12.45,0,0
349.234,-7.286735,112.795913,0.10,-0.034,-0.332,-0.67,-0.49,64.89,64.89,0.00,0.24,0,0.0,-0.06,0.00,0.99,0.00,0.00,0.00,0,0,11.59,12.47,0,0
349.334,-7.286735,112.795913,0.07,-0.024,-0.232,-0.55,-0.49,64.89,64.89,0.00,0.24,0,0.0,-0.07,0.00,0.98,0.00,0.00,0.00,0,0,11.59,12.43,0,0
349.434,-7.286735,112.795913,0.05,-0.017,-0.163,-0.91,-0.55,64.89,64.89,0.00,0.24,0,0.0,-0.07,0.00,0.98,0.00,0.00,0.00,0,0,11.61,12.45,0,0
349.534,-7.286735,112.795913,0.05,-0.012,-0.114,-0.49,-0.55,64.89,64.89,0.00,0.40,0,0.0,-0.07,-0.02,0.98,0.91,0.12,0.00,0,0,11.79,12.39,0,0
349.634,-7.286735,112.795913,0.02,-0.008,-0.080,-0.19,-0.25,64.89,64.89,0.00,0.32,0,0.0,-0.07,0.00,0.97,0.91,-0.24,0.00,0,0,11.63,12.43,0,0
349.734,-7.286735,112.795913,0.06,-0.006,-0.056,-0.61,-0.55,64.89,64.89,0.00,0.32,0,0.0,-0.06,0.01,1.01,0.42,-0.36,0.00,0,0,11.69,12.42,0,0
349.834,-7.286735,112.795912,0.11,-0.304,-0.179,-0.37,-0.37,64.89,64.89,0.00,0.32,0,0.0,-0.06,0.01,1.00,0.06,-0.06,0.00,0,0,11.82,12.49,0,0
349.934,-7.286734,112.795912,0.10,-0.071,-0.428,-0.43,-0.49,64.89,64.89,0.00,0.32,0,0.0,-0.07,0.00,0.99,-0.24,0.06,0.00,0,0,11.77,12.49,0,0
350.034,-7.286734,112.795912,0.03,-0.050,-0.299,-0.37,-1.08,64.89,64.89,0.00,0.40,0,0.0,-0.07,0.00,0.97,-0.30,0.12,0.00,0,0,11.67,12.44,0,0
350.134,-7.286734,112.795912,0.09,-0.035,-0.210,-0.25,-0.49,64.89,64.89,0.00,0.48,0,0.0,-0.07,-0.03,0.95,0.24,0.00,0.00,0,0,11.73,12.46,0,0
350.234,-7.286734,112.795912,0.04,-0.024,-0.147,-0.55,-0.67,64.89,64.89,0.00,0.16,0,0.0,-0.06,-0.02,0.99,0.67,-0.48,0.00,0,0,11.75,12.49,0,0
350.334,-7.286734,112.795912,0.06,-0.017,-0.103,-0.43,-0.49,64.89,64.89,0.00,0.32,0,0.0,-0.06,-0.01,1.01,0.18,-0.06,0.00,0,0,11.79,12.44,0,0
350.434,-7.286734,112.795912,0.06,-0.012,-0.072,-0.43,-0.49,64.89,64.89,0.00,0.32,0,0.0,-0.06,-0.01,0.99,0.30,0.12,0.00,0,0,11.60,12.46,0,0
350.534,-7.286734,112.795912,0.06,-0.008,-0.050,-0.49,-0.37,64.90,64.90,0.00,0.40,0,0.0,-0.06,-0.01,0.99,0.48,0.00,0.00,0,0,11.74,12.47,0,0
350.634,-7.286734,112.795912,0.04,-0.006,-0.035,-0.55,-0.61,64.90,64.90,0.00,0.40,0,0.0,-0.06,0.00,0.99,0.24,0.00,0.00,0,0,11.69,12.47,0,0
350.734,-7.286733,112.795912,0.05,0.137,-0.327,-0.55,-0.49,64.89,64.89,0.00,0.24,0,0.0,-0.02,0.03,1.03,-0.24,0.67,0.24,0,0,11.77,12.49,0,0
350.834,-7.286733,112.795911,0.02,-0.203,-0.369,-0.61,-0.49,64.89,64.89,0.00,0.32,0,0.0,-0.06,0.10,0.95,-1.22,-1.95,-0.54,0,0,11.62,12.51,0,0
350.934,-7.286733,112.795911,0.08,-0.142,-0.258,-0.61,-0.61,64.89,64.89,0.00,0.32,0,0.0,-0.08,0.03,0.95,-3.35,0.36,-0.24,0,0,11.75,12.39,0,0
351.034,-7.286733,112.795911,0.06,-0.100,-0.181,-0.55,-0.55,64.89,64.89,0.00,0.32,0,0.0,-0.07,-0.03,0.97,-0.61,0.24,0.00,0,0,11.76,12.39,0,0
351.134,-7.286732,112.795911,0.06,0.072,-0.429,-0.61,-0.55,64.89,64.89,0.00,0.24,0,0.0,-0.06,-0.03,0.99,1.28,0.00,0.12,0,0,11.60,12.47,0,0
351.234,-7.286732,112.795911,0.10,0.050,-0.300,-0.55,-0.31,64.88,64.88,0.00,0.32,0,0.0,-0.06,0.01,1.00,0.18,-0.36,0.00,0,0,11.69,12.44,0,0
351.334,-7.286732,112.795911,0.07,0.035,-0.210,-0.43,-0.61,64.87,64.87,0.00,0.32,0,0.0,-0.05,0.08,1.00,-2.07,-0.36,-0.30,0,0,11.81,12.42,0,0
351.434,-7.286732,112.795910,0.06,-0.275,-0.288,-0.49,-0.49,64.87,64.87,0.00,0.32,0,0.0,-0.07,0.05,0.98,-2.74,0.00,-0.36,0,0,11.75,12.43,0,0
351.534,-7.286732,112.795910,0.10,-0.192,-0.201,-0.49,-0.55,64.87,64.87,0.00,0.40,0,0.0,-0.07,-0.03,0.98,-1.52,0.18,-0.06,0,0,11.68,12.39,0,0
351.634,-7.286732,112.795910,0.06,-0.135,-0.141,-0.55,-0.43,64.87,64.87,0.00,0.32,0,0.0,-0.07,-0.05,0.99,0.48,0.30,0.18,0,0,11.72,12.44,0,0
351.734,-7.286731,112.795910,0.05,0.047,-0.401,-0.55,-0.61,64.87,64.87,0.00,0.40,0,0.0,-0.06,-0.03,0.99,1.40,0.00,0.12,0,0,11.79,12.43,0,0
351.834,-7.286731,112.795910,0.13,0.033,-0.280,-0.79,-0.55,64.86,64.86,0.00,0.32,0,0.0,-0.06,0.00,0.99,0.42,-0.30,0.12,0,0,11.78,12.44,0,0
351.934,-7.286731,112.795909,0.05,-0.276,-0.337,-0.37,-0.61,64.84,64.84,0.00,0.32,0,0.0,-0.06,0.18,1.02,-0.36,-2.13,-0.48,0,0,11.80,12.39,0,0
352.034,-7.286731,112.795909,0.07,-0.193,-0.236,-0.49,-0.55,64.84,64.84,0.00,0.40,0,0.0,-0.06,0.13,0.99,-1.46,0.67,-0.24,0,0,11.67,12.42,0,0
352.134,-7.286731,112.795909,0.28,-0.135,-0.165,0.33,-0.43,64.84,64.84,0.00,0.24,0,0.0,-0.05,0.11,1.01,-0.85,0.30,-0.24,0,0,11.79,12.46,0,0
352.234,-7.286731,112.795909,0.07,-0.095,-0.116,-0.49,-0.37,64.84,64.84,0.00,0.32,0,0.0,-0.05,0.06,1.01,-1.03,-0.18,-0.18,0,0,11.80,12.44,0,0
352.334,-7.286731,112.795909,0.12,-0.066,-0.081,-0.61,-0.61,64.83,64.83,0.00,0.32,0,0.0,-0.07,0.04,0.99,-1.15,-0.18,-0.24,0,0,11.69,12.50,0,0
352.434,-7.286731,112.795909,0.06,-0.046,-0.057,-0.67,-0.13,64.83,64.83,0.00,0.32,0,0.0,-0.07,0.03,0.98,-1.15,0.06,-0.12,0,0,11.61,12.43,0,0
352.534,-7.286731,112.795908,0.06,-0.332,-0.180,-0.61,-0.43,64.83,64.83,0.00,-0.16,0,0.0,-0.06,0.02,0.99,-1.28,0.24,-0.06,0,0,11.64,12.45,0,0
352.634,-7.286730,112.795908,0.02,-0.090,-0.428,-0.67,-0.79,64.83,64.83,0.00,0.24,0,0.0,-0.06,0.01,0.99,-1.15,0.24,-0.06,0,0,11.67,12.39,0,0
352.734,-7.286730,112.795908,0.03,-0.063,-0.300,-0.67,-0.96,64.83,64.83,0.00,0.24,0,0.0,-0.06,0.00,0.99,-0.91,0.06,-0.06,0,0,11.80,12.46,0,0
352.834,-7.286730,112.795908,0.08,-0.044,-0.210,-0.49,-0.49,64.83,64.83,0.00,0.32,0,0.0,-0.06,0.00,0.99,-0.73,0.12,-0.06,0,0,11.72,12.44,0,0
352.934,-7.286730,112.795908,0.03,-0.031,-0.147,-0.55,-0.43,64.83,64.83,0.00,0.40,0,0.0,-0.06,-0.01,0.98,-0.42,0.06,0.00,0,0,11.78,12.47,0,0
353.034,-7.286730,112.795908,0.12,-0.022,-0.103,-0.61,-0.55,64.83,64.83,0.00,0.24,0,0.0,-0.06,0.00,0.99,-0.24,0.12,0.00,0,0,11.70,12.42,0,0
353.134,-7.286730,112.795908,0.02,-0.015,-0.072,-0.61,-0.55,64.83,64.83,0.00,0.32,0,0.0,-0.06,-0.01,0.98,-0.12,0.00,0.00,0,0,11.59,12.43,0,0
353.234,-7.286730,112.795908,0.04,-0.011,-0.050,-0.55,-0.61,64.83,64.83,0.00,0.32,0,0.0,-0.07,0.00,0.99,-0.06,0.00,0.00,0,0,11.80,12.42,0,0
