timestamp (s),latitude (°),longitude (°),speedMps (m/s),Calc_deg_servo_1 (°),Calc_deg_servo_2 (°),yaw (°),heading_setpoint (°),heading_error (°),rudder_cmd (°),track_wp_index,distance_to_wp (m),accel_x (g),accel_y (g),accel_z (g),gyro_x (deg/s),gyro_y (deg/s),gyro_z (deg/s),rpm_prop_1 (rpm),rpm_prop_2 (rpm),battery_1 (V),battery_2 (V),mode_auto
83.904,-7.285403,112.790251,0.00,1.23,0.10,270.82,270.82,0.00,0.24,0,0.0,-0.29,0.10,0.95,0.00,0.00,0.00,0,0,12.42,12.44,0
84.004,-7.285403,112.790251,0.00,1.35,-0.25,270.82,270.82,0.00,0.32,0,0.0,-0.29,0.10,0.95,0.00,0.00,0.00,0,0,12.32,12.42,0
84.104,-7.285403,112.790251,0.00,1.29,1.22,270.82,270.82,0.00,0.24,0,0.0,-0.29,0.10,0.95,0.00,0.00,0.00,0,0,12.39,12.44,0
84.204,-7.285403,112.790251,0.00,1.29,-0.07,270.82,270.82,0.00,0.24,0,0.0,-0.29,0.10,0.95,0.00,0.00,0.00,0,0,12.47,12.47,0
84.304,-7.285403,112.790251,0.00,0.21,0.33,270.82,270.82,0.00,0.32,0,0.0,-0.29,0.10,0.95,0.00,0.00,0.00,0,0,12.37,12.42,0
84.404,-7.285403,112.790251,0.00,1.23,0.10,270.82,270.82,0.00,0.32,0,0.0,-0.29,0.10,0.95,0.00,0.00,0.00,0,0,12.47,12.47,0
84.504,-7.285403,112.790251,0.00,1.46,-0.31,270.82,270.82,0.00,0.40,0,0.0,-0.29,0.10,0.95,0.00,0.00,0.00,0,0,12.29,12.45,0
84.604,-7.285403,112.790251,0.00,0.45,-0.90,270.82,270.82,0.00,0.24,0,0.0,-0.29,0.10,0.95,0.00,0.00,0.00,0,0,12.49,12.46,0
84.704,-7.285403,112.790251,0.00,1.64,0.33,270.82,270.82,0.00,0.24,0,0.0,-0.29,0.10,0.95,0.00,0.00,0.00,0,0,12.30,12.39,0
84.804,-7.285403,112.790251,0.00,1.52,-0.31,270.82,270.82,0.00,0.32,0,0.0,-0.29,0.10,0.95,0.00,0.00,0.00,0,0,12.32,12.44,0
84.904,-7.285403,112.790251,0.00,0.45,0.39,270.82,270.82,0.00,0.32,0,0.0,-0.29,0.10,0.95,0.00,0.00,0.00,0,0,12.49,12.48,0
85.004,-7.285403,112.790251,0.00,1.29,-0.07,270.82,270.82,0.00,0.32,0,0.0,-0.29,0.10,0.95,0.00,0.00,0.00,0,0,12.36,12.47,0
85.104,-7.285403,112.790251,0.00,0.99,0.51,270.82,270.82,0.00,0.32,0,0.0,-0.29,0.10,0.95,0.00,0.00,0.00,0,0,12.30,12.47,0
85.204,-7.285403,112.790251,0.00,1.46,3.24,270.82,270.82,0.00,0.32,0,0.0,-0.29,0.10,0.95,0.00,0.00,0.00,0,0,12.49,12.50,0
85.304,-7.285403,112.790251,0.00,0.81,1.64,270.82,270.82,0.00,0.24,0,0.0,-0.29,0.10,0.95,0.00,0.00,0.00,0,0,12.35,12.47,0
85.404,-7.285403,112.790251,0.00,1.17,0.10,270.82,270.82,0.00,0.24,0,0.0,-0.29,0.10,0.95,0.00,0.00,0.00,0,0,12.43,12.48,0
85.504,-7.285403,112.790251,0.00,0.81,0.15,270.82,270.82,0.00,1.93,0,0.0,-0.29,0.10,0.95,0.00,0.00,0.00,0,0,12.30,12.44,0
85.604,-7.285403,112.790251,0.00,4.20,0.93,270.82,270.82,0.00,0.24,0,0.0,-0.29,0.10,0.95,0.00,0.00,0.00,0,0,12.32,12.47,0
85.704,-7.285403,112.790251,0.00,6.22,2.83,270.82,270.82,0.00,0.32,0,0.0,-0.29,0.10,0.95,0.00,0.00,0.00,0,0,12.36,12.37,0
85.804,-7.285403,112.790251,0.00,0.45,0.10,270.82,270.82,0.00,0.24,0,0.0,-0.29,0.10,0.95,0.00,0.00,0.00,0,0,12.39,12.44,0
85.904,-7.285403,112.790251,0.00,1.29,-0.07,270.82,270.82,0.00,17.41,0,0.0,-0.29,0.10,0.95,0.00,0.00,0.00,0,0,12.39,12.44,0
86.004,-7.285403,112.790251,0.00,12.89,11.68,270.82,270.82,0.00,40.00,0,0.0,-0.29,0.10,0.95,0.00,0.00,0.00,0,0,12.39,12.43,0
86.104,-7.285403,112.790251,0.00,30.86,30.21,270.82,270.82,0.00,40.00,0,0.0,-0.29,0.10,0.95,0.00,0.00,0.00,0,0,12.53,12.37,0
86.204,-7.285403,112.790251,0.00,42.40,40.01,270.82,270.82,0.00,40.00,0,0.0,-0.29,0.10,0.95,0.00,0.00,0.00,0,0,12.49,12.43,0
86.304,-7.285403,112.790251,0.00,37.70,39.36,270.82,270.82,0.00,40.00,0,0.0,-0.29,0.10,0.95,0.00,0.00,0.00,0,0,12.46,12.45,0
86.404,-7.285403,112.790251,0.00,40.38,40.01,270.82,270.82,0.00,40.00,0,0.0,-0.29,0.10,0.95,0.00,0.00,0.00,0,0,12.58,12.45,0
86.504,-7.285403,112.790251,0.00,40.02,40.01,270.82,270.82,0.00,40.00,0,0.0,-0.29,0.10,0.95,0.00,0.00,0.00,0,0,12.51,12.45,0
86.604,-7.285403,112.790251,0.00,40.20,39.36,270.82,270.82,0.00,32.66,0,0.0,-0.29,0.10,0.95,0.00,0.00,0.00,0,0,12.26,12.44,0
86.704,-7.285403,112.790251,0.00,39.19,35.62,270.82,270.82,0.00,-0.08,0,0.0,-0.29,0.10,0.95,0.00,0.00,0.00,0,0,12.49,12.42,0
86.804,-7.285403,112.790251,0.00,36.09,24.63,270.82,270.82,0.00,-17.01,0,0.0,-0.29,0.10,0.95,0.00,0.00,0.00,0,0,12.51,12.08,0
86.904,-7.285403,112.790251,0.00,7.24,3.60,270.82,270.82,0.00,-39.83,0,0.0,-0.29,0.10,0.95,0.00,0.00,0.00,0,0,12.47,12.21,0
87.004,-7.285403,112.790251,0.00,-16.79,-20.33,270.82,270.82,0.00,-39.91,0,0.0,-0.29,0.10,0.95,0.00,0.00,0.00,0,0,12.37,12.32,0
87.104,-7.285403,112.790251,0.00,-33.93,-38.33,270.82,270.82,0.00,-39.75,0,0.0,-0.29,0.10,0.95,0.00,0.00,0.00,0,0,12.49,12.44,0
87.204,-7.285403,112.790251,0.00,-39.28,-40.23,270.82,270.82,0.00,-40.00,0,0.0,-0.29,0.10,0.95,0.00,0.00,0.00,0,0,12.42,12.47,0
87.304,-7.285403,112.790251,0.00,-39.40,-40.11,270.82,270.82,0.00,-39.83,0,0.0,-0.29,0.10,0.95,0.00,0.00,0.00,0,0,12.53,12.43,0
87.404,-7.285403,112.790251,0.00,-40.06,-40.76,270.82,270.82,0.00,-37.58,0,0.0,-0.29,0.10,0.95,0.00,0.00,0.00,0,0,12.44,12.47,0
87.504,-7.285403,112.790251,0.00,-35.18,-38.92,270.82,270.82,0.00,4.19,0,0.0,-0.29,0.10,0.95,0.00,0.00,0.00,0,0,12.30,12.39,0
87.604,-7.285403,112.790251,0.00,-16.67,-19.20,270.82,270.82,0.00,40.00,0,0.0,-0.29,0.10,0.95,0.00,0.00,0.00,0,0,12.55,12.15,0
87.704,-7.285403,112.790251,0.00,2.42,-1.56,270.82,270.82,0.00,40.00,0,0.0,-0.29,0.10,0.95,0.00,0.00,0.00,0,0,12.31,12.30,0
87.804,-7.285403,112.790251,0.00,23.72,21.36,270.82,270.82,0.00,40.00,0,0.0,-0.29,0.10,0.95,0.00,0.00,0.00,0,0,12.38,12.30,0
87.904,-7.285403,112.790251,0.00,39.78,39.89,270.82,270.82,0.00,40.00,0,0.0,-0.29,0.10,0.95,0.00,0.00,0.00,0,0,12.39,12.39,0
88.004,-7.285403,112.790251,0.00,40.79,39.48,270.82,270.82,0.00,40.00,0,0.0,-0.29,0.10,0.95,0.00,0.00,0.00,0,0,12.43,12.46,0
88.104,-7.285403,112.790251,0.00,40.38,39.30,270.82,270.82,0.00,40.00,0,0.0,-0.29,0.10,0.95,0.00,0.00,0.00,0,0,12.37,12.47,0
88.204,-7.285403,112.790251,0.00,40.67,39.06,270.82,270.82,0.00,40.00,0,0.0,-0.29,0.10,0.95,0.00,0.00,0.00,0,0,12.32,12.47,0
88.304,-7.285403,112.790251,0.00,40.20,39.83,270.82,270.82,0.00,17.09,0,0.0,-0.29,0.10,0.95,0.00,0.00,0.00,0,0,12.47,12.46,0
88.404,-7.285403,112.790251,0.00,42.28,32.11,270.82,270.82,0.00,-15.96,0,0.0,-0.29,0.10,0.95,0.00,0.00,0.00,0,0,12.55,12.28,0
88.504,-7.285403,112.790251,0.00,17.47,10.73,270.82,270.82,0.00,-40.00,0,0.0,-0.29,0.10,0.95,0.00,0.00,0.00,0,0,12.32,12.26,0
88.604,-7.285403,112.790251,0.00,-5.96,-9.34,270.82,270.82,0.00,-39.83,0,0.0,-0.29,0.10,0.95,0.00,0.00,0.00,0,0,12.30,12.24,0
88.704,-7.285403,112.790251,0.00,-24.23,-33.69,270.82,270.82,0.00,-39.83,0,0.0,-0.29,0.10,0.95,0.00,0.00,0.00,0,0,12.51,12.43,0
88.804,-7.285403,112.790251,0.00,-39.34,-40.47,270.82,270.82,0.00,-39.75,0,0.0,-0.29,0.10,0.95,0.00,0.00,0.00,0,0,12.43,12.45,0
88.904,-7.285403,112.790251,0.00,-39.40,-40.11,270.82,270.82,0.00,-38.14,0,0.0,-0.29,0.10,0.95,0.00,0.00,0.00,0,0,12.67,12.44,0
89.004,-7.285403,112.790251,0.00,-35.59,-37.97,270.82,270.82,0.00,-23.30,0,0.0,-0.29,0.10,0.95,0.00,0.00,0.00,0,0,12.49,12.43,0
89.104,-7.285403,112.790251,0.00,-27.21,-27.28,270.82,270.82,0.00,3.46,0,0.0,-0.29,0.10,0.95,0.00,0.00,0.00,0,0,12.47,12.44,0
89.204,-7.285403,112.790251,0.00,-2.87,-8.03,270.82,270.82,0.00,40.00,0,0.0,-0.29,0.10,0.95,0.00,0.00,0.00,0,0,12.50,12.29,0
89.304,-7.285403,112.790251,0.00,22.05,15.24,270.82,270.82,0.00,40.00,0,0.0,-0.29,0.10,0.95,0.00,0.00,0.00,0,0,12.47,12.32,0
89.404,-7.285403,112.790251,0.00,36.27,35.08,270.82,270.82,0.00,40.00,0,0.0,-0.29,0.10,0.95,0.00,0.00,0.00,0,0,12.30,12.42,0
89.504,-7.285403,112.790251,0.00,40.67,39.89,270.82,270.82,0.00,40.00,0,0.0,-0.29,0.10,0.95,0.00,0.00,0.00,0,0,12.35,12.39,0
89.604,-7.285403,112.790251,0.00,40.20,39.18,270.82,270.82,0.00,40.00,0,0.0,-0.29,0.10,0.95,0.00,0.00,0.00,0,0,12.45,12.47,0
89.704,-7.285403,112.790251,0.00,40.56,40.01,270.82,270.82,0.00,38.30,0,0.0,-0.29,0.10,0.95,0.00,0.00,0.00,0,0,12.35,12.44,0
89.804,-7.285403,112.790251,0.00,43.29,39.30,270.82,270.82,0.00,-3.54,0,0.0,-0.29,0.10,0.95,0.00,0.00,0.00,0,0,12.39,12.42,0
89.904,-7.285403,112.790251,0.00,41.09,31.87,270.82,270.82,0.00,0.32,0,0.0,-0.29,0.10,0.95,0.00,0.00,0.00,0,0,12.53,12.26,0
90.004,-7.285403,112.790251,0.00,14.32,12.57,270.82,270.82,0.00,0.24,0,0.0,-0.29,0.10,0.95,0.00,0.00,0.00,0,0,12.39,12.22,0
90.104,-7.285403,112.790251,0.00,3.90,0.33,270.82,270.82,0.00,0.32,0,0.0,-0.29,0.10,0.95,0.00,0.00,0.00,0,0,12.35,12.49,0
90.204,-7.285403,112.790251,0.00,0.57,0.45,270.82,270.82,0.00,0.40,0,0.0,-0.29,0.10,0.95,0.00,0.00,0.00,0,0,12.50,12.45,0
90.304,-7.285403,112.790251,0.00,1.35,-0.25,270.82,270.82,0.00,0.24,0,0.0,-0.29,0.10,0.95,0.00,0.00,0.00,0,0,12.36,12.42,0
90.404,-7.285403,112.790251,0.00,0.21,0.15,270.82,270.82,0.00,0.48,0,0.0,-0.29,0.10,0.95,0.00,0.00,0.00,0,0,12.37,12.44,0
90.504,-7.285403,112.790251,0.00,0.57,-0.07,270.82,270.82,0.00,0.32,0,0.0,-0.29,0.10,0.95,0.00,0.00,0.00,0,0,12.31,12.46,0
90.604,-7.285403,112.790251,0.00,-0.91,0.33,270.82,270.82,0.00,0.32,0,0.0,-0.29,0.10,0.95,0.00,0.00,0.00,0,0,12.30,12.42,0
90.704,-7.285403,112.790251,0.00,0.45,-3.46,270.82,270.82,0.00,0.24,0,0.0,-0.29,0.10,0.95,0.00,0.00,0.00,0,0,12.39,12.45,0
90.804,-7.285403,112.790251,0.00,0.21,-0.43,270.82,270.82,0.00,0.40,0,0.0,-0.29,0.10,0.95,0.00,0.00,0.00,0,0,12.44,12.47,0
90.904,-7.285403,112.790251,0.00,0.81,0.63,270.82,270.82,0.00,0.32,0,0.0,-0.29,0.10,0.95,0.00,0.00,0.00,0,0,12.50,12.45,0
91.004,-7.285403,112.790251,0.00,0.75,-0.07,270.82,270.82,0.00,0.24,0,0.0,-0.29,0.10,0.95,0.00,0.00,0.00,0,0,12.51,12.49,0
91.104,-7.285403,112.790251,0.00,0.81,0.33,270.82,270.82,0.00,0.48,0,0.0,-0.29,0.10,0.95,0.00,0.00,0.00,0,0,12.51,12.45,0
91.204,-7.285403,112.790251,0.00,0.63,0.10,270.82,270.82,0.00,0.40,0,0.0,-0.29,0.10,0.95,0.00,0.00,0.00,0,0,12.46,12.46,0
91.304,-7.285403,112.790251,0.00,0.81,0.10,270.82,270.82,0.00,0.24,0,0.0,-0.29,0.10,0.95,0.00,0.00,0.00,0,0,12.46,12.44,0
91.404,-7.285403,112.790251,0.00,0.99,-0.07,270.86,270.86,0.00,0.40,0,0.0,-0.29,0.10,0.95,-3.54,-9.27,1.89,0,0,12.30,12.46,0
91.504,-7.285403,112.790251,0.00,0.63,-0.31,270.91,270.91,0.00,0.32,0,0.0,-0.28,0.10,0.95,0.00,0.36,-0.06,0,0,12.39,12.45,0
91.604,-7.285403,112.790251,0.00,0.87,0.04,270.75,270.75,0.00,0.32,0,0.0,-0.25,0.09,0.96,-0.73,-2.31,0.00,0,0,12.30,12.45,0
91.704,-7.285403,112.790251,0.00,0.81,-0.31,269.39,269.39,0.00,0.24,0,0.0,-0.33,0.11,0.96,-14.95,-44.61,0.06,0,0,12.50,12.44,0
91.804,-7.285403,112.790251,0.00,0.57,0.33,264.84,264.84,0.00,0.40,0,0.0,-0.12,0.03,0.98,-26.36,-65.18,-34.48,0,0,12.50,12.47,0
91.904,-7.285403,112.790251,0.00,0.81,-0.07,264.24,264.24,0.00,0.32,0,0.0,-0.09,0.04,0.99,0.48,0.85,6.53,0,0,12.51,12.43,0
92.004,-7.285403,112.790251,0.00,1.46,-0.07,264.80,264.80,0.00,0.32,0,0.0,-0.09,0.03,0.99,0.24,0.42,8.60,0,0,12.46,12.50,0
92.104,-7.285403,112.790251,0.00,0.87,0.33,267.07,267.07,0.00,0.40,0,0.0,-0.08,0.02,1.05,48.21,-10.62,27.58,0,0,12.49,12.44,0
92.204,-7.285403,112.790251,0.00,0.87,0.10,270.59,270.59,0.00,0.32,0,0.0,-0.11,0.16,1.00,27.22,33.99,26.42,0,0,12.32,12.43,0
92.304,-7.285403,112.790251,0.00,0.99,0.10,274.59,274.59,0.00,0.40,0,0.0,-0.20,0.26,0.91,-30.94,66.58,53.28,0,0,12.49,12.47,0
92.404,-7.285403,112.790251,0.00,0.57,0.33,280.54,280.54,0.00,0.32,0,0.0,-0.23,0.06,0.98,-143.61,141.23,18.61,0,0,12.34,12.47,0
92.504,-7.285403,112.790251,0.00,0.75,0.45,281.73,281.73,0.00,0.24,0,0.0,-0.40,0.00,1.01,-39.67,15.56,8.05,0,0,12.37,12.42,0
92.604,-7.285403,112.790251,0.00,0.63,0.33,279.72,279.72,0.00,0.32,0,0.0,-0.41,-0.06,0.93,20.32,-11.41,-29.23,0,0,12.51,12.44,0
92.704,-7.285403,112.790251,0.00,0.99,-0.25,277.14,277.14,0.00,0.24,0,0.0,-0.44,0.09,0.90,146.97,-45.89,-34.97,0,0,12.30,12.44,0
92.804,-7.285403,112.790251,0.00,0.81,0.33,273.57,273.57,0.00,0.32,0,0.0,-0.31,0.29,0.83,222.35,-15.38,-23.25,0,0,12.49,12.44,0
92.904,-7.285403,112.790251,0.00,0.21,0.45,272.70,272.70,0.00,0.32,0,0.0,-0.34,0.55,0.70,103.45,-27.52,29.84,0,0,12.50,12.47,0
93.004,-7.285403,112.790251,0.00,0.87,-0.31,272.96,272.96,0.00,0.16,0,0.0,-0.28,0.61,0.61,12.69,-24.59,16.35,0,0,12.37,12.44,0
93.104,-7.285403,112.790251,0.00,0.45,-0.07,272.52,272.52,0.00,0.32,0,0.0,-0.26,0.71,0.62,-3.29,-15.44,9.58,0,0,12.49,12.47,0
93.204,-7.285403,112.790251,0.00,0.45,-0.31,271.45,271.45,0.00,0.16,0,0.0,-0.24,0.55,0.73,-202.45,14.40,-42.35,0,0,12.42,12.47,0
93.304,-7.285403,112.790251,0.00,0.45,-0.07,268.52,268.52,0.00,0.32,0,0.0,-0.31,0.26,0.89,-228.02,19.16,-52.00,0,0,12.50,12.49,0
93.404,-7.285403,112.790251,0.00,0.21,-0.25,263.63,263.63,0.00,0.32,0,0.0,-0.33,0.00,0.88,-136.77,12.45,-35.70,0,0,12.49,12.44,0
93.504,-7.285403,112.790251,0.00,0.57,-0.25,259.66,259.66,0.00,0.32,0,0.0,-0.40,-0.02,1.06,22.46,-13.00,-10.13,0,0,12.25,12.47,0
93.604,-7.285403,112.790251,0.00,0.57,-0.43,256.42,256.42,0.00,0.40,0,0.0,-0.33,-0.04,0.94,98.81,-23.43,-40.71,0,0,12.32,12.47,0
93.704,-7.285403,112.790251,0.00,0.04,-0.19,249.56,249.56,0.00,0.32,0,0.0,-0.33,0.07,0.96,36.07,-16.35,-72.81,0,0,12.43,12.47,0
93.804,-7.285403,112.790251,0.00,0.45,0.10,243.86,243.86,0.00,0.24,0,0.0,-0.29,0.07,0.96,9.21,-5.85,-34.91,0,0,12.26,12.42,0
93.904,-7.285403,112.790251,0.00,0.57,-0.07,242.70,242.70,0.00,0.32,0,0.0,-0.26,0.03,0.96,18.18,7.08,13.18,0,0,12.43,12.45,0
94.004,-7.285403,112.790251,0.00,0.21,0.87,248.74,248.74,0.00,0.32,0,0.0,-0.33,0.10,0.96,19.83,31.49,113.95,0,0,12.47,12.46,0
94.104,-7.285403,112.790251,0.00,0.81,0.45,258.26,258.26,0.00,0.32,0,0.0,-0.30,0.15,0.86,23.92,27.64,96.43,0,0,12.29,12.45,0
94.204,-7.285403,112.790251,0.00,0.99,-6.61,269.99,269.99,0.00,0.32,0,0.0,-0.33,0.22,0.94,-70.25,44.31,101.13,0,0,12.36,12.43,0
94.304,-7.285403,112.790251,0.00,0.87,0.45,280.09,280.09,0.00,0.32,0,0.0,-0.34,0.18,0.90,-97.83,40.89,58.53,0,0,12.47,12.47,0
94.404,-7.285403,112.790251,0.00,0.57,0.33,282.87,282.87,0.00,0.32,0,0.0,-0.31,0.10,0.98,-6.89,-31.18,-11.71,0,0,12.24,12.42,0
94.504,-7.285403,112.790251,0.00,0.99,-0.07,274.14,274.14,0.00,0.32,0,0.0,-0.26,0.20,0.94,112.91,-69.94,-92.52,0,0,12.39,12.42,0
94.604,-7.285403,112.790251,0.00,0.75,0.10,265.82,265.82,0.00,0.32,0,0.0,-0.18,0.29,0.91,25.81,5.67,-57.55,0,0,12.44,12.60,0
94.704,-7.285403,112.790251,0.00,0.99,0.33,258.07,258.07,0.00,0.40,0,0.0,-0.28,0.28,0.92,1.34,-5.79,-81.66,0,0,12.47,12.45,0
94.804,-7.285403,112.790251,0.00,0.99,0.15,255.59,255.59,0.00,0.32,0,0.0,-0.30,0.28,0.93,13.36,19.34,24.04,0,0,12.46,12.44,0
94.904,-7.285403,112.790251,0.00,0.87,-0.19,261.79,261.79,0.00,0.24,0,0.0,-0.33,0.23,0.90,-32.04,17.21,71.28,0,0,12.50,12.44,0
95.004,-7.285403,112.790251,0.00,0.81,0.10,268.13,268.13,0.00,0.32,0,0.0,-0.32,0.24,0.91,-72.87,0.61,33.08,0,0,12.50,12.45,0
95.104,-7.285403,112.790251,0.00,0.93,0.10,262.93,262.93,0.00,0.24,0,0.0,-0.26,0.18,0.94,16.29,-48.82,-66.28,0,0,12.48,12.47,0
95.204,-7.285403,112.790251,0.00,0.75,0.10,256.86,256.86,0.00,0.32,0,0.0,-0.20,0.18,0.96,3.78,-25.63,-36.80,0,0,12.51,12.45,0
95.304,-7.285403,112.790251,0.00,0.57,0.10,261.93,261.93,0.00,0.24,0,0.0,-0.32,0.11,0.95,-63.96,41.93,82.45,0,0,12.32,12.44,0
95.404,-7.285403,112.790251,0.00,0.99,-0.07,273.47,273.47,0.00,0.32,0,0.0,-0.36,0.13,0.93,-40.89,15.68,92.22,0,0,12.44,12.44,0
95.504,-7.285403,112.790251,0.00,0.04,0.10,278.58,278.58,0.00,0.32,0,0.0,-0.27,0.09,0.97,0.73,-27.16,31.18,0,0,12.42,12.47,0
95.604,-7.285403,112.790251,0.00,0.99,-0.07,272.76,272.76,0.00,0.32,0,0.0,-0.20,0.11,0.98,63.35,-36.31,-59.69,0,0,12.44,12.47,0
95.704,-7.285403,112.790251,0.00,0.57,-0.07,264.83,264.83,0.00,0.48,0,0.0,-0.17,0.20,0.98,65.61,-23.92,-73.91,0,0,12.50,12.45,0
95.804,-7.285403,112.790251,0.00,1.05,-0.07,259.65,259.65,0.00,0.32,0,0.0,-0.19,0.23,0.93,-11.10,-8.78,-28.93,0,0,12.25,12.44,0
95.904,-7.285403,112.790251,0.00,0.69,-0.19,265.53,265.53,0.00,0.32,0,0.0,-0.26,0.14,0.95,-139.89,57.37,84.35,0,0,12.47,12.46,0
96.004,-7.285403,112.790251,0.00,3.19,-0.07,272.42,272.42,0.00,0.32,0,0.0,-0.26,-0.03,0.98,-73.36,25.93,67.56,0,0,12.44,12.43,0
96.104,-7.285403,112.790251,0.00,0.75,-0.25,273.39,273.39,0.00,0.24,0,0.0,-0.25,-0.06,0.97,27.34,-21.60,-15.80,0,0,12.63,12.44,0
96.204,-7.285403,112.790251,0.00,0.81,-0.25,270.63,270.63,0.00,0.32,0,0.0,-0.23,0.02,0.97,62.01,-17.08,-40.64,0,0,12.45,12.48,0
96.304,-7.285403,112.790251,0.00,0.57,0.33,268.11,268.11,0.00,0.16,0,0.0,-0.30,0.03,1.27,94.48,-71.10,-46.02,0,0,12.37,12.42,0
96.404,-7.285403,112.790251,0.00,0.45,-0.07,264.53,264.53,0.00,0.40,0,0.0,0.19,0.01,0.37,-36.98,-15.68,-59.99,0,0,12.32,12.42,0
96.504,-7.285403,112.790251,0.00,0.69,-0.07,261.05,261.05,0.00,0.40,0,0.0,-0.31,0.14,1.34,35.27,-112.79,16.29,0,0,12.31,12.42,0
96.604,-7.285403,112.790251,0.00,0.75,0.10,258.81,258.81,0.00,0.32,0,0.0,-0.57,0.79,1.63,30.57,73.91,-24.53,0,0,12.49,12.45,0
96.704,-7.285403,112.790251,0.00,0.87,-0.25,259.29,259.29,0.00,0.32,0,0.0,0.15,-0.09,0.32,-27.40,84.59,-18.37,0,0,12.31,12.39,0
96.804,-7.285403,112.790251,0.00,3.90,-0.25,259.33,259.33,0.00,0.24,0,0.0,0.30,-0.21,-0.33,-86.85,-109.49,13.24,0,0,12.37,12.45,0
96.904,-7.285403,112.790251,0.00,0.69,-0.07,258.06,258.06,0.00,0.32,0,0.0,-0.33,0.18,1.49,35.52,-129.02,24.78,0,0,12.32,12.45,0
97.004,-7.285403,112.790251,0.00,1.23,0.10,255.79,255.79,0.00,0.24,0,0.0,-0.53,0.25,1.92,-6.46,150.57,-33.14,0,0,12.36,12.44,0
97.104,-7.285403,112.790251,0.00,0.45,0.51,255.52,255.52,0.00,0.32,0,0.0,0.18,0.08,0.12,-94.48,-2.13,-31.12,0,0,12.59,12.44,0
97.204,-7.285403,112.790251,0.00,0.81,0.33,255.81,255.81,0.00,0.40,0,0.0,-0.09,-0.03,0.98,29.35,-112.48,30.88,0,0,12.50,12.44,0
97.304,-7.285403,112.790251,0.00,0.63,-0.49,255.50,255.50,0.00,0.32,0,0.0,-0.37,0.22,1.86,63.78,87.40,-2.31,0,0,12.25,12.45,0
97.404,-7.285403,112.790251,0.00,0.45,0.10,255.10,255.10,0.00,0.32,0,0.0,-0.05,0.05,0.72,-9.82,71.04,-20.44,0,0,12.43,12.45,0
97.504,-7.285403,112.790251,0.00,0.81,0.39,254.59,254.59,0.00,0.32,0,0.0,0.01,0.06,0.29,-43.70,-102.53,8.05,0,0,12.30,12.44,0
97.604,-7.285403,112.790251,0.00,0.45,-0.07,254.54,254.54,0.00,0.16,0,0.0,-0.23,0.13,1.53,-2.44,-54.44,12.02,0,0,12.49,12.44,0
97.704,-7.285403,112.790251,0.00,0.81,-0.31,254.69,254.69,0.00,0.32,0,0.0,-0.19,-0.01,1.34,33.32,152.03,-1.46,0,0,12.26,12.46,0
97.804,-7.285403,112.790251,0.00,0.87,-0.43,255.71,255.71,0.00,0.40,0,0.0,0.13,0.00,0.00,-47.66,-75.74,-9.03,0,0,12.38,12.43,0
97.904,-7.285403,112.790251,0.00,0.57,-0.07,255.53,255.53,0.00,0.32,0,0.0,-0.17,0.09,1.44,-0.42,-64.57,7.69,0,0,12.29,12.47,0
98.004,-7.285403,112.790251,0.00,0.45,-0.07,255.27,255.27,0.00,0.32,0,0.0,-0.17,0.07,1.31,2.68,76.72,-10.19,0,0,12.30,12.47,0
98.104,-7.285403,112.790251,0.00,0.75,-0.07,255.62,255.62,0.00,0.40,0,0.0,0.07,-0.06,0.74,-59.75,-75.80,-22.33,0,0,12.37,12.44,0
98.204,-7.285403,112.790251,0.00,0.45,-0.07,255.03,255.03,0.00,0.24,0,0.0,-0.12,0.04,1.19,27.95,-56.21,15.13,0,0,12.49,12.49,0
98.304,-7.285403,112.790251,0.00,0.87,0.33,254.49,254.49,0.00,0.32,0,0.0,-0.17,0.00,1.54,22.09,115.78,-5.00,0,0,12.47,12.48,0
98.404,-7.285403,112.790251,0.00,0.93,-0.07,255.25,255.25,0.00,0.32,0,0.0,0.29,-0.09,0.22,-92.59,-53.58,-25.63,0,0,12.49,12.44,0
98.504,-7.285403,112.790251,0.00,1.29,-0.25,254.46,254.46,0.00,0.32,0,0.0,-0.08,-0.01,1.34,58.22,-82.88,25.02,0,0,12.49,12.47,0
98.604,-7.285403,112.790251,0.00,0.45,0.45,254.13,254.13,0.00,0.32,0,0.0,-0.15,-0.07,1.61,27.70,156.31,-12.08,0,0,12.50,12.44,0
98.704,-7.285403,112.790251,0.00,0.69,0.15,255.04,255.04,0.00,0.32,0,0.0,0.36,-0.03,-0.31,-109.68,-103.88,-26.36,0,0,12.39,12.42,0
98.804,-7.285403,112.790251,0.00,0.45,0.10,253.01,253.01,0.00,0.16,0,0.0,-0.22,0.01,1.66,95.52,-100.70,18.85,0,0,12.35,12.45,0
98.904,-7.285403,112.790251,0.00,0.45,0.33,252.77,252.77,0.00,0.32,0,0.0,-0.01,-0.25,1.11,58.59,226.98,9.33,0,0,12.51,12.47,0
99.004,-7.285403,112.790251,0.00,0.75,-0.31,252.68,252.68,0.00,0.40,0,0.0,0.30,0.06,0.07,-97.10,-178.03,-29.60,0,0,12.47,12.43,0
99.104,-7.285403,112.790251,0.00,0.81,0.33,250.25,250.25,0.00,0.32,0,0.0,-0.41,-0.08,2.63,54.56,268.49,-24.41,0,0,12.47,12.43,0
99.204,-7.285403,112.790251,0.00,0.57,0.33,249.69,249.69,0.00,0.32,0,0.0,0.08,0.16,-0.32,-45.22,92.22,-16.05,0,0,12.44,12.45,0
99.304,-7.285403,112.790251,0.00,0.81,0.04,250.46,250.46,0.00,0.32,0,0.0,0.11,-0.17,0.35,1.28,-138.00,29.66,0,0,12.45,12.44,0
99.404,-7.285403,112.790251,0.00,1.23,0.33,249.95,249.95,0.00,0.40,0,0.0,-0.02,0.01,0.88,19.34,53.52,6.16,0,0,12.51,12.43,0
99.504,-7.285403,112.790251,0.00,0.63,0.33,250.38,250.38,0.00,0.40,0,0.0,-0.21,0.14,1.23,26.55,8.66,5.18,0,0,12.30,12.30,0
99.604,-7.285403,112.790251,0.00,0.75,-0.07,253.30,253.30,0.00,0.40,0,0.0,0.56,0.01,0.81,6.53,-18.43,8.78,0,0,12.49,12.45,0
99.704,-7.285403,112.790251,0.00,0.57,0.10,252.31,252.31,0.00,0.32,0,0.0,0.11,-0.07,1.03,5.37,34.30,-14.09,0,0,12.32,12.39,0
99.804,-7.285403,112.790251,0.00,0.57,0.33,251.26,251.26,0.00,0.32,0,0.0,-0.92,0.48,1.32,-24.04,21.97,-0.18,0,0,12.51,12.44,0
99.904,-7.285403,112.790251,0.00,0.04,-2.75,254.60,254.60,0.00,0.24,0,0.0,0.16,-0.18,0.65,-9.70,-47.79,26.79,0,0,12.47,12.46,0
100.004,-7.285403,112.790251,0.00,0.27,-0.07,255.17,255.17,0.00,0.32,0,0.0,0.47,-0.33,0.92,-4.94,23.37,-24.10,0,0,12.49,12.45,0
100.104,-7.285403,112.790251,0.00,0.21,0.45,252.10,252.10,0.00,0.32,0,0.0,-0.60,0.16,1.03,-15.68,69.15,-41.25,0,0,12.28,12.47,0
100.204,-7.285403,112.790251,0.00,0.81,-0.07,251.20,251.20,0.00,0.40,0,0.0,-0.79,0.46,0.96,38.33,-25.93,52.55,0,0,12.29,12.43,0
100.304,-7.285403,112.790251,0.00,0.87,-0.31,253.61,253.61,0.00,0.32,0,0.0,0.43,-0.19,0.68,-40.64,-40.83,13.61,0,0,12.53,12.43,0
100.404,-7.285403,112.790251,0.00,0.75,-0.31,252.93,252.93,0.00,0.32,0,0.0,0.05,-0.28,0.90,15.86,21.66,-35.40,0,0,12.50,12.46,0
100.504,-7.285403,112.790251,0.00,0.99,0.10,250.65,250.65,0.00,0.40,0,0.0,-1.14,1.04,1.40,7.69,-11.10,4.15,0,0,12.35,12.44,0
100.604,-7.285403,112.790251,0.00,0.57,0.33,254.40,254.40,0.00,0.40,0,0.0,0.45,-0.43,0.56,-31.86,-76.17,44.43,0,0,12.51,12.47,0
100.704,-7.285403,112.790251,0.00,0.99,-0.07,254.62,254.62,0.00,0.24,0,0.0,0.42,-0.35,0.61,24.29,68.42,-32.77,0,0,12.44,12.42,0
100.804,-7.285403,112.790251,0.00,0.63,0.63,254.35,254.35,0.00,0.32,0,0.0,-0.45,0.16,1.42,10.92,-85.87,18.61,0,0,12.51,12.38,0
100.904,-7.285403,112.790251,0.00,1.35,2.41,251.13,251.13,0.00,0.48,0,0.0,-0.38,0.14,0.82,-68.96,178.58,-27.89,0,0,12.47,12.46,0
101.004,-7.285403,112.790251,0.00,0.45,-0.07,252.97,252.97,0.00,0.24,0,0.0,-0.31,-0.21,1.23,29.72,-98.69,33.50,0,0,12.42,12.51,0
101.104,-7.285403,112.790251,0.00,0.69,-0.07,251.93,251.93,0.00,0.40,0,0.0,0.42,-0.05,0.04,-54.56,-82.88,-23.07,0,0,12.24,12.46,0
101.204,-7.285403,112.790251,0.00,0.04,0.04,249.72,249.72,0.00,0.32,0,0.0,-0.47,0.03,1.68,33.14,219.36,13.73,0,0,12.44,12.45,0
101.304,-7.285403,112.790251,0.00,0.45,0.33,252.91,252.91,0.00,0.24,0,0.0,-0.39,-0.11,1.58,0.54,-87.82,14.89,0,0,12.46,12.44,0
101.404,-7.285403,112.790251,0.00,0.69,-0.07,251.79,251.79,0.00,0.24,0,0.0,0.17,0.03,0.24,-11.29,-60.60,-32.59,0,0,12.37,12.44,0
101.504,-7.285403,112.790251,0.00,0.21,0.10,250.63,250.63,0.00,0.24,0,0.0,0.00,0.07,0.70,-23.80,110.41,11.96,0,0,12.55,12.46,0
101.604,-7.285403,112.790251,0.00,0.75,0.33,254.53,254.53,0.00,0.32,0,0.0,-0.41,-0.13,2.27,18.79,-27.03,17.02,0,0,12.50,12.43,0
101.704,-7.285403,112.790251,0.00,0.75,-0.07,253.44,253.44,0.00,0.32,0,0.0,0.03,0.09,0.44,14.16,-108.09,-26.36,0,0,12.44,12.44,0
101.804,-7.285403,112.790251,0.00,0.63,0.75,250.20,250.20,0.00,0.24,0,0.0,0.10,0.42,0.20,-31.25,25.32,-7.69,0,0,12.42,12.45,0
101.904,-7.285403,112.790251,0.00,1.29,0.10,252.85,252.85,0.00,0.24,0,0.0,-0.46,-0.02,1.99,62.13,96.92,63.17,0,0,12.29,12.37,0
102.004,-7.285403,112.790251,0.00,0.75,0.04,256.08,256.08,0.00,0.24,0,0.0,-0.07,-0.03,1.07,4.82,-96.55,-13.42,0,0,12.47,12.42,0
102.104,-7.285403,112.790251,0.00,0.99,-0.25,252.71,252.71,0.00,0.24,0,0.0,0.22,0.21,0.10,-51.94,10.37,-44.73,0,0,12.25,12.30,0
102.204,-7.285403,112.790251,0.00,1.29,0.33,251.38,251.38,0.00,0.24,0,0.0,-0.17,0.04,1.22,-10.37,103.14,36.86,0,0,12.37,12.45,0
102.304,-7.285403,112.790251,0.00,0.87,-0.07,255.42,255.42,0.00,0.24,0,0.0,-0.21,-0.19,1.65,35.15,-87.64,21.17,0,0,12.47,12.43,0
102.404,-7.285403,112.790251,0.00,0.45,0.45,252.21,252.21,0.00,0.24,0,0.0,0.19,0.22,0.31,-20.32,-56.33,-48.88,0,0,12.29,12.39,0
102.504,-7.285403,112.790251,0.00,0.75,0.45,250.63,250.63,0.00,0.32,0,0.0,-0.07,0.17,0.75,-22.52,83.12,27.09,0,0,12.31,12.43,0
102.604,-7.285403,112.790251,0.00,0.27,0.04,255.29,255.29,0.00,0.24,0,0.0,-0.01,-0.11,1.13,-22.58,-33.69,21.66,0,0,12.44,12.44,0
102.704,-7.285403,112.790251,0.00,0.51,0.57,254.76,254.76,0.00,0.32,0,0.0,0.01,0.00,0.93,-42.35,31.92,8.23,0,0,12.49,12.47,0
102.804,-7.285403,112.790251,0.00,1.35,-0.31,255.44,255.44,0.00,0.32,0,0.0,-0.15,-0.06,1.23,-6.53,34.60,8.85,0,0,12.29,12.44,0
102.904,-7.285403,112.790251,0.00,0.87,0.45,255.66,255.66,0.00,0.32,0,0.0,-0.12,-0.10,1.02,20.75,-14.09,18.55,0,0,12.45,12.47,0
103.004,-7.285403,112.790251,0.00,0.45,0.33,256.40,256.40,0.00,0.24,0,0.0,-0.15,0.01,1.00,19.47,18.79,7.75,0,0,12.47,12.46,0
103.104,-7.285403,112.790251,0.00,0.81,0.10,257.28,257.28,0.00,0.32,0,0.0,-0.16,0.00,0.94,-0.61,5.92,10.98,0,0,12.45,12.47,0
103.204,-7.285403,112.790251,0.00,0.45,-0.07,257.33,257.33,0.00,0.32,0,0.0,-0.17,-0.06,1.01,-11.10,-27.64,-5.98,0,0,12.46,12.47,0
103.304,-7.285403,112.790251,0.00,0.81,-0.07,256.82,256.82,0.00,0.32,0,0.0,-0.12,-0.02,0.99,5.79,-13.79,-1.15,0,0,12.49,12.44,0
103.404,-7.285403,112.790251,0.00,0.45,0.33,256.92,256.92,0.00,0.40,0,0.0,-0.08,0.00,0.99,5.55,-13.00,0.79,0,0,12.36,12.47,0
103.504,-7.285403,112.790251,0.00,0.99,0.33,257.01,257.01,0.00,0.32,0,0.0,-0.07,0.00,1.00,1.89,-3.78,0.54,0,0,12.37,12.44,0
103.604,-7.285403,112.790251,0.00,0.45,0.45,257.06,257.06,0.00,0.24,0,0.0,-0.08,0.00,1.00,0.00,0.00,0.18,0,0,12.50,12.44,0
103.704,-7.285403,112.790251,0.00,0.81,0.45,257.09,257.09,0.00,0.24,0,0.0,-0.08,0.00,0.99,0.06,-0.24,0.18,0,0,12.36,12.74,0
103.804,-7.285403,112.790251,0.00,1.05,0.33,257.10,257.10,0.00,0.24,0,0.0,-0.08,0.00,1.00,0.00,-0.18,0.00,0,0,12.36,12.43,0
103.904,-7.285403,112.790251,0.00,0.75,0.10,257.12,257.12,0.00,0.24,0,0.0,-0.08,0.00,1.00,0.00,-0.18,0.06,0,0,12.25,12.47,0
104.004,-7.285403,112.790251,0.00,0.45,0.33,257.14,257.14,0.00,0.32,0,0.0,-0.08,0.00,1.00,0.00,0.00,0.06,0,0,12.49,12.47,0
104.104,-7.285403,112.790251,0.00,0.57,0.10,257.14,257.14,0.00,0.32,0,0.0,-0.08,0.00,1.00,0.00,-0.06,0.00,0,0,12.39,12.45,0
104.204,-7.285403,112.790251,0.00,0.75,-0.07,257.15,257.15,0.00,0.32,0,0.0,-0.08,0.00,0.97,0.06,-0.06,0.00,0,0,12.32,12.49,0
104.304,-7.285403,112.790251,0.00,0.27,0.33,257.14,257.14,0.00,0.32,0,0.0,-0.08,0.00,0.99,0.00,-0.12,0.00,0,0,12.47,12.44,0
104.404,-7.285403,112.790251,0.00,0.57,-0.19,257.13,257.13,0.00,0.32,0,0.0,-0.08,0.00,1.00,0.00,-0.06,0.00,0,0,12.37,12.44,0
104.504,-7.285403,112.790251,0.00,0.81,0.51,257.12,257.12,0.00,0.32,0,0.0,-0.08,0.00,1.00,0.00,-0.12,0.00,0,0,12.37,12.37,0
104.604,-7.285403,112.790251,0.00,0.81,-1.97,257.11,257.11,0.00,0.32,0,0.0,-0.08,0.00,1.00,0.00,-0.06,0.00,0,0,12.43,12.46,0
104.704,-7.285403,112.790251,0.00,3.19,-0.31,257.11,257.11,0.00,0.32,0,0.0,-0.08,0.00,1.00,-0.06,-0.18,0.00,0,0,12.30,12.44,0
104.804,-7.285403,112.790251,0.00,1.23,-0.90,257.10,257.10,0.00,0.32,0,0.0,-0.08,0.00,0.99,0.00,-0.06,0.00,0,0,12.42,12.49,0
104.904,-7.285403,112.790251,0.00,0.81,0.33,257.10,257.10,0.00,0.32,0,0.0,-0.08,0.00,1.00,0.00,-0.06,0.00,0,0,12.42,12.44,0
105.004,-7.285403,112.790251,0.00,0.45,-0.49,257.10,257.10,0.00,0.32,0,0.0,-0.08,0.00,1.00,-0.06,0.00,0.00,0,0,12.32,12.44,0
105.104,-7.285403,112.790251,0.00,0.87,0.33,257.09,257.09,0.00,0.32,0,0.0,-0.08,0.00,1.00,0.00,-0.06,0.00,0,0,12.42,12.48,0
105.204,-7.285403,112.790251,0.00,0.63,-0.07,257.09,257.09,0.00,0.32,0,0.0,-0.08,0.00,0.99,-0.06,-0.06,0.00,0,0,12.42,12.43,0
105.304,-7.285403,112.790251,0.00,1.23,-0.07,257.09,257.09,0.00,0.32,0,0.0,-0.08,0.00,1.00,0.00,0.00,0.00,0,0,12.30,12.44,0
105.404,-7.285403,112.790251,0.00,1.23,-0.25,257.09,257.09,0.00,0.32,0,0.0,-0.08,0.00,0.99,0.00,0.00,0.00,0,0,12.39,12.43,0
105.504,-7.285403,112.790251,0.00,0.57,-0.07,257.08,257.08,0.00,0.32,0,0.0,-0.08,0.00,1.00,0.00,0.00,0.00,0,0,12.44,12.44,0
105.604,-7.285403,112.790251,0.00,0.21,0.33,257.08,257.08,0.00,0.32,0,0.0,-0.08,0.00,1.00,0.00,0.00,0.00,0,0,12.50,12.47,0
105.704,-7.285403,112.790251,0.00,0.45,-0.19,257.08,257.08,0.00,0.32,0,0.0,-0.08,0.00,0.99,0.00,-0.06,0.00,0,0,12.50,12.47,0
105.804,-7.285403,112.790251,0.00,0.81,0.33,257.08,257.08,0.00,0.32,0,0.0,-0.08,0.00,1.00,0.00,0.00,0.00,0,0,12.49,12.45,0
105.904,-7.285403,112.790251,0.00,0.63,-0.25,257.08,257.08,0.00,0.32,0,0.0,-0.08,0.00,1.00,0.00,0.00,0.00,0,0,12.51,12.44,0
106.004,-7.285403,112.790251,0.00,0.45,-0.07,257.07,257.07,0.00,0.40,0,0.0,-0.08,0.00,1.00,0.00,0.00,0.00,0,0,12.29,12.44,0
106.104,-7.285403,112.790251,0.00,0.45,0.33,257.07,257.07,0.00,0.40,0,0.0,-0.08,0.00,1.00,0.00,0.00,0.00,0,0,12.47,12.45,0
106.204,-7.285403,112.790251,0.00,0.99,0.33,257.07,257.07,0.00,0.24,0,0.0,-0.08,0.00,1.00,0.00,0.00,0.00,0,0,12.50,12.47,0
106.304,-7.285403,112.790251,0.00,0.81,-0.31,257.07,257.07,0.00,0.32,0,0.0,-0.08,0.00,0.99,0.00,0.00,0.00,0,0,12.43,12.44,0
106.404,-7.285403,112.790251,0.00,0.99,-0.19,257.06,257.06,0.00,0.16,0,0.0,-0.08,0.00,1.00,0.00,0.00,0.00,0,0,12.46,12.45,0
106.504,-7.285403,112.790251,0.00,1.23,0.33,257.06,257.06,0.00,0.32,0,0.0,-0.08,0.00,1.00,0.00,0.00,0.00,0,0,12.47,12.49,0
106.604,-7.285403,112.790251,0.00,0.57,0.39,257.06,257.06,0.00,0.32,0,0.0,-0.08,0.00,1.00,0.00,0.00,0.00,0,0,12.50,12.46,0
106.704,-7.285403,112.790251,0.00,0.87,-0.07,257.06,257.06,0.00,0.32,0,0.0,-0.08,0.00,0.99,0.00,0.00,0.00,0,0,12.39,12.45,0
106.804,-7.285403,112.790251,0.00,0.81,0.10,257.06,257.06,0.00,0.32,0,0.0,-0.08,0.00,1.00,0.00,0.00,0.00,0,0,12.36,12.42,0
106.904,-7.285403,112.790251,0.00,0.81,0.04,257.06,257.06,0.00,0.32,0,0.0,-0.08,0.00,1.00,0.00,0.00,0.00,0,0,12.42,12.49,0
107.004,-7.285403,112.790251,0.00,0.93,0.10,257.06,257.06,0.00,0.32,0,0.0,-0.08,0.00,1.00,0.00,0.00,0.00,0,0,12.45,12.44,0
107.104,-7.285403,112.790251,0.00,0.45,0.10,257.06,257.06,0.00,0.32,0,0.0,-0.08,0.00,1.00,0.00,0.00,0.00,0,0,12.47,12.47,0
107.204,-7.285403,112.790251,0.00,0.81,0.33,257.06,257.06,0.00,0.24,0,0.0,-0.08,0.00,1.00,0.00,0.00,0.00,0,0,12.45,12.47,0
107.304,-7.285403,112.790251,0.00,0.81,0.45,257.05,257.05,0.00,0.32,0,0.0,-0.08,0.00,0.99,0.00,0.00,0.00,0,0,12.53,12.45,0
107.404,-7.285403,112.790251,0.00,0.57,0.33,257.05,257.05,0.00,0.32,0,0.0,-0.08,0.00,1.00,0.00,0.00,0.00,0,0,12.44,12.47,0
107.504,-7.285403,112.790251,0.00,0.57,-0.07,257.05,257.05,0.00,0.32,0,0.0,-0.08,0.00,1.00,0.00,0.00,0.00,0,0,12.28,12.46,0
107.604,-7.285403,112.790251,0.00,0.75,0.33,257.05,257.05,0.00,0.16,0,0.0,-0.08,0.00,1.00,0.00,0.00,0.00,0,0,12.43,12.42,0
107.704,-7.285403,112.790251,0.00,0.81,-0.07,257.05,257.05,0.00,0.32,0,0.0,-0.08,0.00,1.00,0.00,0.00,0.00,0,0,12.36,12.42,0
107.804,-7.285403,112.790251,0.00,0.81,0.33,257.05,257.05,0.00,0.32,0,0.0,-0.08,0.00,1.00,0.00,0.00,0.00,0,0,12.50,12.49,0
107.904,-7.285403,112.790251,0.00,0.45,0.33,257.05,257.05,0.00,0.24,0,0.0,-0.08,0.00,1.00,0.00,0.00,0.00,0,0,12.47,12.47,0
108.004,-7.285403,112.790251,0.00,0.57,-0.25,257.05,257.05,0.00,0.40,0,0.0,-0.08,0.00,0.99,0.00,0.00,0.00,0,0,12.36,12.47,0
108.104,-7.285403,112.790251,0.00,0.81,-0.31,257.05,257.05,0.00,0.32,0,0.0,-0.08,0.00,1.00,0.00,0.00,0.00,0,0,12.25,12.47,0
108.204,-7.285403,112.790251,0.00,0.57,-0.07,257.05,257.05,0.00,0.40,0,0.0,-0.08,0.00,1.00,0.00,0.00,0.00,0,0,12.49,12.47,0
108.304,-7.285403,112.790251,0.00,0.99,0.33,257.05,257.05,0.00,0.32,0,0.0,-0.08,0.00,1.00,0.00,0.00,0.00,0,0,12.47,12.49,0
108.404,-7.285403,112.790251,0.00,0.75,0.10,257.05,257.05,0.00,0.24,0,0.0,-0.08,0.00,1.00,0.00,0.00,0.00,0,0,12.42,12.47,0
108.504,-7.285403,112.790251,0.00,0.57,-0.49,257.05,257.05,0.00,0.40,0,0.0,-0.08,0.00,1.00,0.00,0.00,0.00,0,0,12.32,12.47,0
108.604,-7.285403,112.790251,0.00,0.81,-0.31,257.05,257.05,0.00,0.32,0,0.0,-0.08,0.00,1.00,0.00,0.00,0.00,0,0,12.42,12.45,0
108.704,-7.285403,112.790251,0.00,0.81,0.33,257.05,257.05,0.00,0.32,0,0.0,-0.08,0.00,1.00,0.00,0.00,0.00,0,0,12.57,12.57,0
108.804,-7.285403,112.790251,0.00,0.81,0.10,257.05,257.05,0.00,0.32,0,0.0,-0.08,0.00,1.00,0.00,0.00,0.00,0,0,12.47,12.47,0
108.904,-7.285403,112.790251,0.00,0.21,-0.07,257.05,257.05,0.00,0.48,0,0.0,-0.08,0.00,1.00,0.00,0.00,0.00,0,0,12.45,12.49,0
109.004,-7.285403,112.790251,0.00,0.93,0.10,257.05,257.05,0.00,0.24,0,0.0,-0.08,0.00,1.00,0.00,0.00,0.00,0,0,12.36,12.44,0
109.104,-7.285403,112.790251,0.00,0.04,-0.07,257.05,257.05,0.00,0.32,0,0.0,-0.08,0.00,1.00,0.00,0.00,0.00,0,0,12.51,12.46,0
109.204,-7.285403,112.790251,0.00,0.45,0.33,257.05,257.05,0.00,0.32,0,0.0,-0.08,0.00,0.99,0.00,0.00,0.00,0,0,12.49,12.44,0
109.304,-7.285403,112.790251,0.00,0.99,-0.07,257.05,257.05,0.00,0.32,0,0.0,-0.08,0.00,1.00,0.00,0.00,0.00,0,0,12.35,12.44,0
109.404,-7.285403,112.790251,0.00,0.81,0.10,257.05,257.05,0.00,0.40,0,0.0,-0.08,0.00,0.99,0.00,0.00,0.00,0,0,12.47,12.47,0
109.504,-7.285403,112.790251,0.00,0.75,0.33,257.05,257.05,0.00,0.24,0,0.0,-0.08,0.00,1.00,0.00,0.00,0.00,0,0,12.47,12.39,0
109.604,-7.285403,112.790251,0.00,0.45,0.33,257.04,257.04,0.00,0.32,0,0.0,-0.08,0.00,1.00,0.00,0.00,0.00,0,0,12.32,12.44,0
109.704,-7.285403,112.790251,0.00,0.99,0.33,257.04,257.04,0.00,0.40,0,0.0,-0.08,0.00,0.99,0.00,0.00,0.00,0,0,12.32,12.56,0
109.804,-7.285403,112.790251,0.00,0.99,0.33,257.04,257.04,0.00,0.32,0,0.0,-0.08,0.00,0.99,0.00,0.00,0.00,0,0,12.47,12.49,0
109.904,-7.285403,112.790251,0.00,0.75,-0.43,257.04,257.04,0.00,0.24,0,0.0,-0.08,0.00,1.00,0.00,0.00,0.00,0,0,12.45,12.47,0
110.004,-7.285403,112.790251,0.00,0.87,-0.25,257.04,257.04,0.00,0.32,0,0.0,-0.08,0.00,1.00,0.00,0.00,0.00,0,0,12.37,12.43,0
110.104,-7.285403,112.790251,0.00,0.81,0.33,257.04,257.04,0.00,0.24,0,0.0,-0.08,0.00,1.00,0.00,0.00,0.00,0,0,12.32,12.43,0
110.204,-7.285403,112.790251,0.00,0.63,-0.07,257.04,257.04,0.00,0.24,0,0.0,-0.08,0.00,1.00,0.00,0.00,0.00,0,0,12.47,12.49,0
110.304,-7.285403,112.790251,0.00,0.99,0.10,257.04,257.04,0.00,0.32,0,0.0,-0.08,0.00,0.99,0.00,0.00,0.00,0,0,12.50,12.42,0
110.404,-7.285403,112.790251,0.00,0.81,0.33,257.04,257.04,0.00,0.32,0,0.0,-0.08,0.00,0.99,0.00,0.00,0.00,0,0,12.42,12.50,0
110.504,-7.285403,112.790251,0.00,0.93,0.10,257.04,257.04,0.00,0.32,0,0.0,-0.08,0.00,0.99,0.00,0.00,0.00,0,0,12.37,12.39,0
110.604,-7.285403,112.790251,0.00,0.45,0.45,257.04,257.04,0.00,0.32,0,0.0,-0.08,0.00,1.00,0.00,0.00,0.00,0,0,12.32,12.44,0
110.704,-7.285403,112.790251,0.00,0.99,0.33,257.04,257.04,0.00,0.24,0,0.0,-0.08,0.00,1.00,0.00,0.00,0.00,0,0,12.50,12.46,0
110.804,-7.285403,112.790251,0.00,0.04,0.45,257.04,257.04,0.00,0.32,0,0.0,-0.08,0.00,1.00,0.00,0.00,0.00,0,0,12.36,12.44,0
110.904,-7.285403,112.790251,0.00,0.99,-0.43,257.04,257.04,0.00,0.32,0,0.0,-0.08,0.00,0.99,0.00,0.00,0.00,0,0,12.39,12.44,0
111.004,-7.285403,112.790251,0.00,0.87,0.04,257.04,257.04,0.00,0.32,0,0.0,-0.08,0.00,1.00,0.00,0.00,0.00,0,0,12.53,12.45,0
111.104,-7.285403,112.790251,0.00,0.21,0.10,257.04,257.04,0.00,0.32,0,0.0,-0.08,0.00,0.99,0.00,0.00,0.00,0,0,12.50,12.45,0
111.204,-7.285403,112.790251,0.00,0.81,0.33,257.04,257.04,0.00,0.40,0,0.0,-0.08,0.00,1.00,0.00,0.00,0.00,0,0,12.42,12.22,0
111.304,-7.285403,112.790251,0.00,0.45,0.10,257.04,257.04,0.00,0.32,0,0.0,-0.08,0.00,1.00,0.00,0.00,0.00,0,0,12.53,12.45,0
111.404,-7.285403,112.790251,0.00,0.99,0.33,257.04,257.04,0.00,0.32,0,0.0,-0.08,0.00,0.99,0.00,0.00,0.00,0,0,12.47,12.49,0
111.504,-7.285403,112.790251,0.00,2.83,-0.43,257.04,257.04,0.00,0.40,0,0.0,-0.08,0.00,0.99,0.00,0.00,0.00,0,0,12.32,12.47,0
111.604,-7.285403,112.790251,0.00,1.23,-0.07,257.04,257.04,0.00,0.24,0,0.0,-0.08,0.00,1.00,0.00,0.00,0.00,0,0,12.36,12.42,0
111.704,-7.285403,112.790251,0.00,1.46,-0.07,257.04,257.04,0.00,0.32,0,0.0,-0.08,0.00,0.99,0.00,0.00,0.00,0,0,12.38,12.47,0
111.804,-7.285403,112.790251,0.00,0.45,-0.19,257.04,257.04,0.00,0.40,0,0.0,-0.08,0.00,1.00,0.00,0.00,0.00,0,0,12.50,12.44,0
111.904,-7.285403,112.790251,0.00,0.21,0.33,257.04,257.04,0.00,0.32,0,0.0,-0.08,0.00,1.00,0.00,0.00,0.00,0,0,12.48,12.47,0
112.004,-7.285403,112.790251,0.00,0.93,-0.31,257.04,257.04,0.00,0.32,0,0.0,-0.08,0.00,0.99,0.00,0.00,0.00,0,0,12.30,12.47,0
112.104,-7.285403,112.790251,0.00,0.81,-0.19,257.04,257.04,0.00,0.32,0,0.0,-0.08,0.00,1.00,0.00,0.00,0.00,0,0,12.47,12.47,0
112.204,-7.285403,112.790251,0.00,0.87,0.45,257.04,257.04,0.00,0.32,0,0.0,-0.08,0.00,1.00,0.00,0.00,0.00,0,0,12.38,12.47,0
112.304,-7.285403,112.790251,0.00,0.81,0.10,257.04,257.04,0.00,0.32,0,0.0,-0.08,0.00,1.00,0.00,0.00,0.00,0,0,12.49,12.46,0
112.404,-7.285403,112.790251,0.00,1.23,-0.07,257.04,257.04,0.00,0.32,0,0.0,-0.08,0.00,1.00,0.00,0.00,0.00,0,0,12.45,12.44,0
112.504,-7.285403,112.790251,0.00,0.87,0.45,257.04,257.04,0.00,0.24,0,0.0,-0.08,0.00,1.00,0.00,0.00,0.00,0,0,12.53,12.42,0
112.604,-7.285403,112.790251,0.00,1.23,0.63,257.04,257.04,0.00,0.32,0,0.0,-0.08,0.00,1.00,0.00,0.00,0.00,0,0,12.33,12.44,0
112.704,-7.285403,112.790251,0.00,0.81,0.33,257.04,257.04,0.00,0.32,0,0.0,-0.08,0.00,1.00,0.00,0.00,0.00,0,0,12.49,12.47,0
112.804,-7.285403,112.790251,0.00,0.63,0.45,257.04,257.04,0.00,0.48,0,0.0,-0.08,0.00,1.00,0.00,0.00,0.00,0,0,12.42,12.44,0
112.904,-7.285403,112.790251,0.00,0.99,2.71,257.04,257.04,0.00,0.32,0,0.0,-0.08,0.00,1.00,0.00,0.00,0.00,0,0,12.30,12.43,0
113.004,-7.285403,112.790251,0.00,0.81,0.33,257.04,257.04,0.00,0.24,0,0.0,-0.08,0.00,0.99,0.00,0.00,0.00,0,0,12.37,12.44,0
113.104,-7.285403,112.790251,0.00,0.81,0.33,257.04,257.04,0.00,0.32,0,0.0,-0.08,0.00,1.00,0.00,0.00,0.00,0,0,12.37,12.44,0
113.204,-7.285403,112.790251,0.00,0.87,0.10,257.04,257.04,0.00,0.32,0,0.0,-0.08,0.00,0.99,0.00,0.00,0.00,0,0,12.47,12.47,0
113.304,-7.285403,112.790251,0.00,-0.19,-0.43,257.04,257.04,0.00,0.24,0,0.0,-0.08,0.00,1.00,0.00,0.00,0.00,0,0,12.47,12.37,0
113.404,-7.285403,112.790251,0.00,0.63,0.33,257.04,257.04,0.00,0.32,0,0.0,-0.08,0.00,1.00,0.00,0.00,0.00,0,0,12.44,12.51,0
113.504,-7.285403,112.790251,0.00,0.87,0.33,257.04,257.04,0.00,0.24,0,0.0,-0.08,0.00,1.00,0.00,0.00,0.00,0,0,12.49,12.44,0
113.604,-7.285403,112.790251,0.00,0.45,0.33,257.04,257.04,0.00,0.48,0,0.0,-0.08,0.00,1.00,0.00,0.00,0.00,0,0,12.53,12.43,0
113.704,-7.285403,112.790251,0.00,0.75,-0.07,257.04,257.04,0.00,0.40,0,0.0,-0.08,0.00,0.99,0.00,0.00,0.00,0,0,12.39,12.48,0
113.804,-7.285403,112.790251,0.00,0.75,0.10,257.04,257.04,0.00,0.32,0,0.0,-0.08,0.00,1.00,0.00,0.00,0.00,0,0,12.44,12.47,0
113.904,-7.285403,112.790251,0.00,0.93,0.15,257.04,257.04,0.00,0.32,0,0.0,-0.08,0.00,1.00,0.00,0.00,0.00,0,0,12.45,12.44,0
114.004,-7.285403,112.790251,0.00,0.63,-0.07,257.04,257.04,0.00,0.24,0,0.0,-0.08,0.00,1.00,0.00,0.00,0.00,0,0,12.37,12.44,0
114.104,-7.285403,112.790251,0.00,0.81,-1.02,257.04,257.04,0.00,0.32,0,0.0,-0.08,0.00,1.00,0.00,0.00,0.00,0,0,12.42,12.44,0
114.204,-7.285403,112.790251,0.00,0.75,-0.07,257.04,257.04,0.00,0.32,0,0.0,-0.08,0.00,1.00,0.00,0.00,0.00,0,0,12.44,12.47,0
114.304,-7.285403,112.790251,0.00,0.93,-0.07,257.04,257.04,0.00,0.32,0,0.0,-0.08,0.00,1.00,0.00,0.00,0.00,0,0,12.44,12.47,0
114.404,-7.285403,112.790251,0.00,0.45,0.51,257.04,257.04,0.00,0.32,0,0.0,-0.08,0.00,1.00,0.00,0.00,0.00,0,0,12.32,12.21,0
114.504,-7.285403,112.790251,0.00,0.57,0.51,257.04,257.04,0.00,0.32,0,0.0,-0.08,0.00,0.99,0.00,0.00,0.00,0,0,12.43,12.44,0
114.604,-7.285403,112.790251,0.00,4.56,-0.07,257.04,257.04,0.00,0.32,0,0.0,-0.08,0.00,1.00,0.00,0.00,0.00,0,0,12.44,12.45,0
114.704,-7.285403,112.790251,0.00,2.30,-0.25,257.04,257.04,0.00,0.24,0,0.0,-0.08,0.00,1.00,0.00,0.00,0.00,0,0,12.30,12.51,0
114.804,-7.285403,112.790251,0.00,0.57,0.33,257.04,257.04,0.00,0.32,0,0.0,-0.08,0.00,1.00,0.00,0.00,0.00,0,0,12.50,12.44,0
114.904,-7.285403,112.790251,0.00,0.81,-0.07,257.04,257.04,0.00,0.32,0,0.0,-0.08,0.00,1.00,0.00,0.00,0.00,0,0,12.50,12.44,0
115.004,-7.285403,112.790251,0.00,0.87,0.33,257.04,257.04,0.00,0.32,0,0.0,-0.08,0.00,1.00,0.00,0.00,0.00,0,0,12.50,12.44,0
115.104,-7.285403,112.790251,0.00,0.63,0.33,257.04,257.04,0.00,0.32,0,0.0,-0.08,0.00,1.00,0.00,0.00,0.00,0,0,12.50,12.47,0
115.204,-7.285403,112.790251,0.00,0.81,0.39,257.04,257.04,0.00,0.24,0,0.0,-0.08,0.00,1.00,0.00,0.00,0.00,0,0,12.50,12.42,0
115.304,-7.285403,112.790251,0.00,2.42,0.10,257.04,257.04,0.00,0.40,0,0.0,-0.08,0.00,0.99,0.00,0.00,0.00,0,0,12.50,12.42,0
115.404,-7.285403,112.790251,0.00,0.75,-0.07,257.04,257.04,0.00,0.32,0,0.0,-0.08,0.00,1.00,0.00,0.00,0.00,0,0,12.49,12.69,0
115.504,-7.285403,112.790251,0.00,1.23,0.10,257.04,257.04,0.00,0.32,0,0.0,-0.08,0.00,1.00,0.00,0.00,0.00,0,0,12.47,12.44,0
115.604,-7.285403,112.790251,0.00,0.45,0.69,257.04,257.04,0.00,0.40,0,0.0,-0.08,0.00,0.99,0.00,0.00,0.00,0,0,12.39,12.44,0
115.704,-7.285403,112.790251,0.00,0.45,0.33,257.04,257.04,0.00,0.32,0,0.0,-0.08,0.00,1.00,0.00,0.00,0.00,0,0,12.49,12.29,0
115.804,-7.285403,112.790251,0.00,0.57,0.10,257.04,257.04,0.00,0.40,0,0.0,-0.08,0.00,0.99,0.00,0.00,0.00,0,0,12.47,12.44,0
115.904,-7.285403,112.790251,0.00,0.99,0.15,257.04,257.04,0.00,0.48,0,0.0,-0.08,0.00,1.00,0.00,0.00,0.00,0,0,12.49,12.47,0
116.004,-7.285403,112.790251,0.00,0.87,0.45,257.04,257.04,0.00,0.32,0,0.0,-0.08,0.00,1.00,0.00,0.00,0.00,0,0,12.44,12.45,0
116.104,-7.285403,112.790251,0.00,0.45,0.45,257.04,257.04,0.00,0.24,0,0.0,-0.08,0.00,1.00,0.00,0.00,0.00,0,0,12.50,12.30,0
116.204,-7.285403,112.790251,0.00,1.23,1.40,257.04,257.04,0.00,0.24,0,0.0,-0.08,0.00,1.00,0.00,0.00,0.00,0,0,12.45,12.25,0
116.304,-7.285403,112.790251,0.00,0.75,-0.07,257.04,257.04,0.00,0.40,0,0.0,-0.08,0.00,0.99,0.00,0.00,0.00,0,0,12.53,12.46,0
116.404,-7.285403,112.790251,0.00,0.57,-0.07,257.04,257.04,0.00,0.32,0,0.0,-0.08,0.00,1.00,0.00,0.00,0.00,0,0,12.36,12.47,0
116.504,-7.285403,112.790251,0.00,0.81,0.33,257.04,257.04,0.00,-0.48,0,0.0,-0.08,0.00,1.00,0.00,0.00,0.00,0,0,12.29,12.44,0
116.604,-7.285403,112.790251,0.00,0.16,-0.07,257.04,257.04,0.00,0.32,0,0.0,-0.08,0.00,0.99,0.00,0.00,0.00,0,0,12.39,12.45,0
116.704,-7.285403,112.790251,0.00,0.45,-0.61,257.04,257.04,0.00,0.40,0,0.0,-0.08,0.00,1.00,0.00,0.00,0.00,0,0,12.42,12.49,0
116.804,-7.285403,112.790251,0.00,0.81,-0.19,257.04,257.04,0.00,0.32,0,0.0,-0.08,0.00,0.99,0.00,0.00,0.00,0,0,12.45,12.47,0
116.904,-7.285403,112.790251,0.00,0.45,-0.25,257.04,257.04,0.00,0.32,0,0.0,-0.08,0.00,1.00,0.00,0.00,0.00,0,0,12.30,12.39,0
117.004,-7.285403,112.790251,0.00,0.21,-0.07,257.04,257.04,0.00,0.24,0,0.0,-0.08,0.00,1.00,0.00,0.00,0.00,0,0,12.47,12.44,0
117.104,-7.285403,112.790251,0.00,0.81,-0.31,257.04,257.04,0.00,0.24,0,0.0,-0.08,0.00,0.99,0.00,0.00,0.00,0,0,12.30,12.43,0
117.204,-7.285403,112.790251,0.00,0.21,-0.07,257.04,257.04,0.00,0.32,0,0.0,-0.08,0.00,1.00,0.00,0.00,0.00,0,0,12.31,12.47,0
117.304,-7.285403,112.790251,0.00,0.75,-0.85,257.04,257.04,0.00,0.24,0,0.0,-0.08,0.00,0.99,0.00,0.00,0.00,0,0,12.39,12.44,0
117.404,-7.285403,112.790251,0.00,0.45,-0.07,257.04,257.04,0.00,0.48,0,0.0,-0.08,0.00,1.00,0.00,0.00,0.00,0,0,12.36,12.24,0
117.504,-7.285403,112.790251,0.00,0.51,-0.07,257.04,257.04,0.00,0.32,0,0.0,-0.08,0.00,0.99,0.00,0.00,0.00,0,0,12.36,12.44,0
117.604,-7.285403,112.790251,0.00,0.27,-0.31,257.04,257.04,0.00,0.24,0,0.0,-0.08,0.00,1.00,0.00,0.00,0.00,0,0,12.38,12.47,0
117.704,-7.285403,112.790251,0.00,0.21,-0.43,257.04,257.04,0.00,0.48,0,0.0,-0.08,0.00,1.00,0.00,0.00,0.00,0,0,12.43,12.45,0
117.804,-7.285403,112.790251,0.00,0.45,-0.07,257.04,257.04,0.00,0.24,0,0.0,-0.08,0.00,1.00,0.00,0.00,0.00,0,0,12.45,12.42,0
117.904,-7.285403,112.790251,0.00,0.75,-0.07,257.04,257.04,0.00,0.32,0,0.0,-0.08,0.00,1.00,0.00,0.00,0.00,0,0,12.30,12.45,0
118.004,-7.285403,112.790251,0.00,-0.13,-0.31,257.04,257.04,0.00,0.40,0,0.0,-0.08,0.00,1.00,0.00,0.00,0.00,0,0,12.39,12.53,0
118.104,-7.285403,112.790251,0.00,0.57,-0.07,257.04,257.04,0.00,0.24,0,0.0,-0.08,0.00,1.00,0.00,0.00,0.00,0,0,12.45,12.46,0
118.204,-7.285403,112.790251,0.00,0.63,-0.31,257.04,257.04,0.00,0.24,0,0.0,-0.08,0.00,1.00,0.00,0.00,0.00,0,0,12.36,12.45,0
118.304,-7.285403,112.790251,0.00,0.81,-0.43,257.04,257.04,0.00,0.32,0,0.0,-0.08,0.00,0.99,0.00,0.00,0.00,0,0,12.37,12.43,0
118.404,-7.285403,112.790251,0.00,0.57,-0.31,257.04,257.04,0.00,0.48,0,0.0,-0.08,0.00,1.00,0.00,0.00,0.00,0,0,12.30,12.45,0
118.504,-7.285403,112.790251,0.00,0.63,-0.25,257.04,257.04,0.00,0.24,0,0.0,-0.08,0.00,1.00,0.00,0.00,0.00,0,0,12.36,12.44,0
118.604,-7.285403,112.790251,0.00,0.57,0.10,257.04,257.04,0.00,0.24,0,0.0,-0.08,0.00,1.00,0.00,0.00,0.00,0,0,12.42,12.42,0
118.704,-7.285403,112.790251,0.00,0.45,-0.43,257.04,257.04,0.00,0.24,0,0.0,-0.08,0.00,1.00,0.00,0.00,0.00,0,0,12.48,12.44,0
118.804,-7.285403,112.790251,0.00,0.45,-0.07,257.04,257.04,0.00,0.24,0,0.0,-0.08,0.00,1.00,0.00,0.00,0.00,0,0,12.39,12.45,0
118.904,-7.285403,112.790251,0.00,0.57,-0.31,257.04,257.04,0.00,0.32,0,0.0,-0.08,0.00,1.00,0.00,0.00,0.00,0,0,12.32,12.47,0
119.004,-7.285403,112.790251,0.00,0.04,0.33,257.04,257.04,0.00,0.32,0,0.0,-0.08,0.00,1.00,0.00,0.00,0.00,0,0,12.45,12.47,0
119.104,-7.285403,112.790251,0.00,0.57,-0.07,257.04,257.04,0.00,0.32,0,0.0,-0.08,0.00,1.00,0.00,0.00,0.00,0,0,12.30,12.47,0
119.204,-7.285403,112.790251,0.00,0.45,-0.25,257.04,257.04,0.00,0.24,0,0.0,-0.08,0.00,1.00,0.00,0.00,0.00,0,0,12.44,12.44,0
119.304,-7.285403,112.790251,0.00,0.57,0.10,257.04,257.04,0.00,0.40,0,0.0,-0.08,0.00,0.99,0.00,0.00,0.00,0,0,12.47,12.43,0
119.404,-7.285403,112.790251,0.00,1.52,-0.07,257.04,257.04,0.00,0.24,0,0.0,-0.08,0.00,1.00,0.00,0.00,0.00,0,0,12.50,12.47,0
119.504,-7.285403,112.790251,0.00,0.57,-0.43,257.04,257.04,0.00,0.40,0,0.0,-0.08,0.00,1.00,0.00,0.00,0.00,0,0,12.49,12.44,0
119.604,-7.285403,112.790251,0.00,0.81,-0.07,257.04,257.04,0.00,0.40,0,0.0,-0.08,0.00,1.00,0.00,0.00,0.00,0,0,12.32,12.44,0
119.704,-7.285403,112.790251,0.00,0.04,-0.07,257.04,257.04,0.00,0.40,0,0.0,-0.08,0.00,1.00,0.00,0.00,0.00,0,0,12.44,12.44,0
119.804,-7.285403,112.790251,0.00,0.69,-0.31,257.04,257.04,0.00,0.40,0,0.0,-0.08,0.00,1.00,0.00,0.00,0.00,0,0,12.31,12.43,0
119.904,-7.285403,112.790251,0.00,0.81,-0.67,257.04,257.04,0.00,0.24,0,0.0,-0.08,0.00,1.00,0.00,0.00,0.00,0,0,12.44,12.47,0
120.004,-7.285403,112.790251,0.00,0.63,0.10,257.04,257.04,0.00,0.40,0,0.0,-0.08,0.00,1.00,0.00,0.00,0.00,0,0,12.51,12.44,0
120.104,-7.285403,112.790251,0.00,0.45,-0.67,257.04,257.04,0.00,0.24,0,0.0,-0.08,0.00,1.00,0.00,0.00,0.00,0,0,12.31,12.47,0
120.204,-7.285403,112.790251,0.00,0.63,-0.31,257.04,257.04,0.00,0.24,0,0.0,-0.08,0.00,1.00,0.00,0.00,0.00,0,0,12.43,12.50,0
120.304,-7.285403,112.790251,0.00,0.81,-0.31,257.04,257.04,0.00,0.40,0,0.0,-0.08,0.00,1.00,0.00,0.00,0.00,0,0,12.37,12.44,0
120.404,-7.285403,112.790251,0.00,0.75,-0.31,257.04,257.04,0.00,0.32,0,0.0,-0.08,0.00,1.00,0.00,0.00,0.00,0,0,12.47,12.43,0
120.504,-7.285403,112.790251,0.00,0.81,-0.67,257.04,257.04,0.00,0.32,0,0.0,-0.08,0.00,1.00,0.00,0.00,0.00,0,0,12.35,12.42,0
120.604,-7.285403,112.790251,0.00,0.45,-0.07,257.04,257.04,0.00,0.32,0,0.0,-0.08,0.00,0.99,0.00,0.00,0.00,0,0,12.32,12.44,0
120.704,-7.285403,112.790251,0.00,0.75,-0.31,257.04,257.04,0.00,0.32,0,0.0,-0.08,0.00,1.00,0.00,0.00,0.00,0,0,12.31,12.45,0
120.804,-7.285403,112.790251,0.00,-0.19,-0.31,257.04,257.04,0.00,0.24,0,0.0,-0.08,0.00,0.99,0.00,0.00,0.00,0,0,12.36,12.47,0
120.904,-7.285403,112.790251,0.00,0.87,1.64,257.04,257.04,0.00,0.32,0,0.0,-0.08,0.00,0.99,0.00,0.00,0.00,0,0,12.42,12.45,0
121.004,-7.285403,112.790251,0.00,0.45,-0.43,257.04,257.04,0.00,0.24,0,0.0,-0.08,0.00,1.00,0.00,0.00,0.00,0,0,12.26,12.44,0
121.104,-7.285403,112.790251,0.00,4.62,-0.25,257.04,257.04,0.00,0.40,0,0.0,-0.08,0.00,1.00,0.00,0.00,0.00,0,0,12.26,12.48,0
121.204,-7.285403,112.790251,0.00,0.81,-0.31,257.04,257.04,0.00,0.40,0,0.0,-0.08,0.00,1.00,0.00,0.00,0.00,0,0,12.45,12.44,0
121.304,-7.285403,112.790251,0.00,0.45,-0.31,257.04,257.04,0.00,0.40,0,0.0,-0.08,0.00,1.00,0.00,0.00,0.00,0,0,12.30,12.44,0
121.404,-7.285403,112.790251,0.00,0.04,-0.07,257.04,257.04,0.00,0.24,0,0.0,-0.08,0.00,1.00,0.00,0.00,0.00,0,0,12.39,12.44,0
121.504,-7.285403,112.790251,0.00,0.57,-0.49,257.04,257.04,0.00,0.24,0,0.0,-0.08,0.00,1.00,0.00,0.00,0.00,0,0,12.36,12.43,0
121.604,-7.285403,112.790251,0.00,0.57,-0.31,257.04,257.04,0.00,0.24,0,0.0,-0.08,0.00,1.00,0.00,0.00,0.00,0,0,12.46,12.37,0
121.704,-7.285403,112.790251,0.00,0.45,-0.07,257.04,257.04,0.00,0.40,0,0.0,-0.08,0.00,1.00,0.00,0.00,0.00,0,0,12.49,12.43,0
121.804,-7.285403,112.790251,0.00,0.51,-0.43,257.04,257.04,0.00,0.32,0,0.0,-0.08,0.00,1.00,0.00,0.00,0.00,0,0,12.29,12.30,0
121.904,-7.285403,112.790251,0.00,0.57,-0.43,257.04,257.04,0.00,0.48,0,0.0,-0.08,0.00,1.00,0.00,0.00,0.00,0,0,12.45,12.43,0
122.004,-7.285403,112.790251,0.00,0.21,-0.43,257.04,257.04,0.00,0.40,0,0.0,-0.08,0.00,1.00,0.00,0.00,0.00,0,0,12.22,12.45,0
122.104,-7.285403,112.790251,0.00,0.21,-0.19,257.04,257.04,0.00,0.32,0,0.0,-0.08,0.00,1.00,0.00,0.00,0.00,0,0,12.42,12.44,0
122.204,-7.285403,112.790251,0.00,0.75,-0.25,257.04,257.04,0.00,0.32,0,0.0,-0.08,0.00,1.00,0.00,0.00,0.00,0,0,12.30,12.47,0
122.304,-7.285403,112.790251,0.00,0.87,-0.43,257.04,257.04,0.00,0.24,0,0.0,-0.08,0.00,1.00,0.00,0.00,0.00,0,0,12.39,12.45,0
122.404,-7.285403,112.790251,0.00,0.45,-0.31,257.04,257.04,0.00,0.24,0,0.0,-0.08,0.00,0.99,0.00,0.00,0.00,0,0,12.26,12.45,0
122.504,-7.285403,112.790251,0.00,0.75,-0.07,257.04,257.04,0.00,0.24,0,0.0,-0.08,0.00,0.99,0.00,0.00,0.00,0,0,12.37,12.44,0
